frame, face_id, timestamp, confidence, success, AU01_r, AU02_r, AU04_r, AU05_r, AU06_r, AU07_r, AU09_r, AU10_r, AU12_r, AU14_r, AU15_r, AU17_r, AU20_r, AU25_r, AU26_r, AU45_r, AU01_c, AU02_c, AU04_c, AU05_c, AU06_c, AU07_c, AU10_c, AU12_c, AU14_c, AU15_c, AU17_c, AU20_c, AU23_c, AU25_c, AU26_c, AU28_c, AU45_c, AU09_c, AU23_r,s_confidence,fac_hapintsoft,fac_sadintsoft,fac_surintsoft,fac_feaintsoft,fac_angintsoft,fac_disintsoft,fac_conintsoft,fac_paiintsoft,fac_negintsoft,fac_posintsoft,neu_exp,fac_comlowintsoft,fac_comuppintsoft,cai_exp,fac_comintsoft,fac_happres,fac_sadpres,fac_surpres,fac_feapres,fac_angpres,fac_dispres,fac_conpres,fac_hapinthard,fac_sadinthard,fac_surinthard,fac_feainthard,fac_anginthard,fac_disinthard,fac_coninthard,fac_paiinthard,fac_neginthard,fac_posinthard,neu_exp_full,cai_exp_full,fac_comlowinthard,fac_comuppinthard,fac_cominthard,error_reason,dbm_master_url
1,0,0.0,0.98,1,0.37,0.29,1.44,0.0,0.0,1.34,0.0,0.0,0.0,0.0,0.0,0.16,0.34,0.04,0.03,0.0,1.0,0.0,1.0,0.0,0.0,0.0,0.0,0.0,0.0,0.0,0.0,0.0,0.0,0.0,0.0,0.0,0.0,0.0,0.0,0.9800000000000001,0,0.15083333333333335,0.06166666666666667,0.15083333333333335,0.24,0,0,0.24,0.10833333333333335,0,0.06166666666666667,0,0.6033333333333334,0.15083333333333335,0.08619047619047619,0,0,0,0,0,0,0,0,0,0,0,0,0,0,0,0.0,0,0,0,0,0.15083333333333335,0.0,Pass,sample_data/subj01_timepoint01.mp4
2,0,0.033,0.98,1,0.59,0.45,1.54,0.02,0.0,1.43,0.0,0.0,0.0,0.0,0.0,0.24,0.29,0.01,0.07,0.55,1.0,0.0,1.0,0.0,0.0,1.0,0.0,0.0,0.0,0.0,0.0,0.0,0.0,0.0,0.0,0.0,0.0,0.0,0.12,0.9800000000000001,0,0.1775,0.09833333333333333,0.19777777777777775,0.24749999999999997,0,0,0.24749999999999997,0.12455555555555553,0,0.09833333333333333,0,0.721111111111111,0.4158333333333333,0.103015873015873,0,0,0,0,0,0,0,0,0,0,0,0,0,0,0,0.0,0,0,0,0,0.1775,0.0,Pass,sample_data/subj01_timepoint01.mp4
3,0,0.067,0.98,1,0.76,0.59,1.46,0.02,0.0,1.19,0.0,0.0,0.0,0.0,0.03,0.28,0.37,0.02,0.06,1.48,1.0,1.0,1.0,0.0,0.0,1.0,0.0,0.0,0.0,0.0,0.0,0.0,0.0,0.0,0.0,0.0,1.0,0.0,0.12,0.9800000000000001,0,0.18499999999999997,0.1125,0.16666666666666666,0.22083333333333333,0,0,0.22083333333333333,0.1145,0,0.1125,0,0.6849999999999999,0.4816666666666667,0.09785714285714285,0,0,0,0,0,0,0,0,0,0,0,0,0,0,0,0.0,0,0,0,0,0.18499999999999997,0.0,Pass,sample_data/subj01_timepoint01.mp4
4,0,0.1,0.98,1,0.8,0.7,1.42,0.02,0.0,1.03,0.0,0.0,0.0,0.0,0.03,0.33,0.37,0.12,0.08,2.29,1.0,1.0,1.0,0.0,0.0,1.0,0.0,0.0,0.0,0.0,0.0,0.0,0.0,0.0,0.0,0.0,1.0,0.0,0.08,0.9800000000000001,0,0.18499999999999997,0.125,0.16458333333333333,0.2041666666666667,0,0,0.2041666666666667,0.11074999999999999,0,0.125,0,0.67875,0.4733333333333333,0.09696428571428571,0,0,0,0,0,0,0,0,0,0,0,0,0,0,0,0.0,0,0,0,0,0.18499999999999997,0.0,Pass,sample_data/subj01_timepoint01.mp4
5,0,0.133,0.98,1,0.79,0.65,1.46,0.0,0.0,1.05,0.0,0.0,0.0,0.0,0.03,0.31,0.38,0.14,0.15,2.38,0.0,1.0,1.0,0.0,0.0,1.0,0.0,0.0,0.0,0.0,0.0,0.0,0.0,0.0,0.0,0.0,1.0,0.0,0.0,0.9800000000000001,0,0.24333333333333332,0.10833333333333334,0.17555555555555558,0.20916666666666664,0,0,0.20916666666666664,0.1256111111111111,0,0.10833333333333334,0,0.7363888888888889,0.5266666666666667,0.1051984126984127,0,0,0,0,0,0,0,0,0,0,0,0,0,0,0,0.0,0,0,0,0,0.0,0.0,Pass,sample_data/subj01_timepoint01.mp4
6,0,0.16699999999999998,0.98,1,0.69,0.58,1.67,0.0,0.0,1.43,0.01,0.0,0.0,0.0,0.0,0.3,0.32,0.12,0.26,1.73,0.0,1.0,1.0,0.0,0.0,1.0,0.0,0.0,0.0,0.0,0.0,0.0,0.0,0.0,0.0,0.0,1.0,0.0,0.1,0.9800000000000001,0,0.2783333333333333,0.09666666666666666,0.20444444444444443,0.2583333333333333,0,0,0.2583333333333333,0.1482222222222222,0,0.09666666666666666,0,0.8377777777777777,0.6133333333333333,0.11968253968253968,0,0,0,0,0,0,0,0,0,0,0,0,0,0,0,0.0,0,0,0,0,0.0,0.0,Pass,sample_data/subj01_timepoint01.mp4
7,0,0.2,0.98,1,0.56,0.42,1.7,0.0,0.0,1.66,0.01,0.0,0.0,0.0,0.0,0.21,0.4,0.02,0.31,0.95,0.0,1.0,1.0,0.0,0.0,1.0,0.0,0.0,0.0,0.0,0.0,0.0,0.0,0.0,0.0,0.0,1.0,0.0,0.19,0.9800000000000001,0,0.2833333333333333,0.06999999999999999,0.21000000000000002,0.27999999999999997,0,0,0.27999999999999997,0.15466666666666667,0,0.06999999999999999,0,0.8433333333333333,0.63,0.12047619047619047,0,0,0,0,0,0,0,0,0,0,0,0,0,0,0,0.0,0,0,0,0,0.0,0.0,Pass,sample_data/subj01_timepoint01.mp4
8,0,0.233,0.98,1,0.52,0.32,1.64,0.0,0.0,1.7,0.01,0.0,0.0,0.0,0.0,0.18,0.46,0.03,0.34,0.4,0.0,1.0,1.0,0.0,0.0,1.0,0.0,0.0,0.0,0.0,0.0,0.0,0.0,0.0,0.0,0.0,0.0,0.0,0.23,0.9800000000000001,0,0.2733333333333333,0.05333333333333334,0.20333333333333334,0.2783333333333333,0,0,0.2783333333333333,0.151,0,0.05333333333333334,0,0.8083333333333333,0.61,0.11547619047619048,0,0,0,0,0,0,0,0,0,0,0,0,0,0,0,0.0,0,0,0,0,0.0,0.0,Pass,sample_data/subj01_timepoint01.mp4
9,0,0.267,0.98,1,0.49,0.16,1.54,0.0,0.0,1.64,0.0,0.0,0.0,0.0,0.02,0.11,0.51,0.05,0.3,0.12,1.0,0.0,1.0,0.0,0.0,1.0,0.0,0.0,0.0,0.0,0.0,0.0,0.0,0.0,0.0,0.0,0.0,0.0,0.15,0.9800000000000001,0,0.1691666666666667,0.08166666666666667,0.2038888888888889,0.26499999999999996,0,0,0.26499999999999996,0.12761111111111112,0,0.08166666666666667,0,0.7197222222222222,0.4425,0.10281746031746031,0,0,0,0,0,0,0,0,0,0,0,0,0,0,0,0.0,0,0,0,0,0.1691666666666667,0.0,Pass,sample_data/subj01_timepoint01.mp4
10,0,0.3,0.98,1,0.5,0.14,1.56,0.0,0.0,1.67,0.0,0.0,0.0,0.0,0.06,0.11,0.49,0.05,0.27,0.0,1.0,0.0,1.0,0.0,0.0,1.0,0.0,0.0,0.0,0.0,0.0,0.0,0.0,0.0,0.0,0.0,0.0,0.0,0.08,0.9800000000000001,0,0.17166666666666666,0.08333333333333333,0.20722222222222222,0.26916666666666667,0,0,0.26916666666666667,0.12961111111111112,0,0.08333333333333333,0,0.7313888888888889,0.44999999999999996,0.10448412698412698,0,0,0,0,0,0,0,0,0,0,0,0,0,0,0,0.0,0,0,0,0,0.17166666666666666,0.0,Pass,sample_data/subj01_timepoint01.mp4
11,0,0.33299999999999996,0.98,1,0.47,0.03,1.54,0.0,0.0,1.7,0.0,0.0,0.0,0.0,0.09,0.15,0.39,0.06,0.23,0.02,1.0,0.0,1.0,0.0,0.0,1.0,0.0,0.0,0.0,0.0,0.0,0.0,0.0,0.0,0.0,0.0,0.0,0.0,0.06,0.9800000000000001,0,0.16749999999999998,0.07833333333333332,0.2061111111111111,0.27,0,0,0.27,0.12872222222222224,0,0.07833333333333332,0,0.7219444444444444,0.4508333333333333,0.10313492063492062,0,0,0,0,0,0,0,0,0,0,0,0,0,0,0,0.0,0,0,0,0,0.16749999999999998,0.0,Pass,sample_data/subj01_timepoint01.mp4
12,0,0.36700000000000005,0.98,1,0.49,0.02,1.53,0.0,0.0,1.73,0.0,0.0,0.0,0.0,0.13,0.22,0.36,0.09,0.26,0.03,1.0,0.0,1.0,0.0,0.0,1.0,0.0,0.0,0.0,0.0,0.0,0.0,0.0,0.0,0.0,0.0,0.0,0.0,0.04,0.9800000000000001,0,0.16833333333333333,0.08166666666666667,0.20833333333333334,0.27166666666666667,0,0,0.27166666666666667,0.12966666666666668,0,0.08166666666666667,0,0.73,0.45666666666666667,0.10428571428571429,0,0,0,0,0,0,0,0,0,0,0,0,0,0,0,0.0,0,0,0,0,0.16833333333333333,0.0,Pass,sample_data/subj01_timepoint01.mp4
13,0,0.4,0.98,1,0.54,0.0,1.52,0.0,0.0,1.66,0.0,0.0,0.0,0.0,0.15,0.23,0.34,0.1,0.23,0.03,1.0,0.0,1.0,0.0,0.0,1.0,0.0,0.0,0.0,0.0,0.0,0.0,0.0,0.0,0.0,0.0,0.0,0.0,0.03,0.9800000000000001,0,0.17166666666666666,0.09000000000000001,0.20666666666666667,0.26499999999999996,0,0,0.26499999999999996,0.12866666666666665,0,0.09000000000000001,0,0.7333333333333333,0.44833333333333336,0.10476190476190475,0,0,0,0,0,0,0,0,0,0,0,0,0,0,0,0.0,0,0,0,0,0.17166666666666666,0.0,Pass,sample_data/subj01_timepoint01.mp4
14,0,0.433,0.98,1,0.58,0.06,1.49,0.0,0.0,1.6,0.0,0.0,0.0,0.0,0.13,0.22,0.4,0.08,0.22,0.03,1.0,0.0,1.0,0.0,0.0,1.0,0.0,0.0,0.0,0.0,0.0,0.0,0.0,0.0,0.0,0.0,0.0,0.0,0.01,0.9800000000000001,0,0.1725,0.09666666666666666,0.2038888888888889,0.2575,0,0,0.2575,0.1267777777777778,0,0.09666666666666666,0,0.7305555555555556,0.43916666666666665,0.10436507936507937,0,0,0,0,0,0,0,0,0,0,0,0,0,0,0,0.0,0,0,0,0,0.1725,0.0,Pass,sample_data/subj01_timepoint01.mp4
15,0,0.467,0.98,1,0.59,0.16,1.56,0.0,0.0,1.52,0.03,0.0,0.0,0.0,0.07,0.19,0.37,0.05,0.13,0.02,1.0,0.0,1.0,0.0,0.0,1.0,0.0,0.0,0.0,0.0,0.0,0.0,0.0,0.0,0.0,0.0,0.0,0.0,0.01,0.9800000000000001,0,0.17916666666666667,0.09833333333333333,0.2038888888888889,0.25666666666666665,0,0,0.25666666666666665,0.12794444444444447,0,0.09833333333333333,0,0.7380555555555555,0.4325,0.10543650793650793,0,0,0,0,0,0,0,0,0,0,0,0,0,0,0,0.0,0,0,0,0,0.17916666666666667,0.0,Pass,sample_data/subj01_timepoint01.mp4
16,0,0.5,0.98,1,0.6,0.26,1.57,0.04,0.0,1.44,0.03,0.0,0.0,0.0,0.02,0.22,0.33,0.06,0.08,0.02,1.0,0.0,1.0,0.0,0.0,1.0,0.0,0.0,0.0,0.0,0.0,0.0,0.0,0.0,0.0,0.0,0.0,0.0,0.03,0.9800000000000001,0,0.18083333333333332,0.09999999999999999,0.20055555555555554,0.2508333333333333,0,0,0.2508333333333333,0.12644444444444444,0,0.09999999999999999,0,0.7322222222222221,0.4208333333333333,0.10460317460317459,0,0,0,0,0,0,0,0,0,0,0,0,0,0,0,0.0,0,0,0,0,0.18083333333333332,0.0,Pass,sample_data/subj01_timepoint01.mp4
17,0,0.5329999999999999,0.98,1,0.57,0.24,1.59,0.18,0.0,1.39,0.03,0.0,0.0,0.0,0.02,0.21,0.24,0.06,0.04,0.0,1.0,0.0,1.0,0.0,0.0,1.0,0.0,0.0,0.0,0.0,0.0,0.0,0.0,0.0,0.0,0.0,0.0,0.0,0.03,0.9800000000000001,0,0.18000000000000002,0.09499999999999999,0.19722222222222222,0.24833333333333332,0,0,0.24833333333333332,0.12511111111111112,0,0.09499999999999999,0,0.7205555555555555,0.4116666666666667,0.10293650793650792,0,0,0,0,0,0,0,0,0,0,0,0,0,0,0,0.0,0,0,0,0,0.18000000000000002,0.0,Pass,sample_data/subj01_timepoint01.mp4
18,0,0.5670000000000001,0.98,1,0.51,0.18,1.55,0.18,0.0,1.55,0.0,0.0,0.0,0.0,0.02,0.18,0.16,0.09,0.03,0.0,1.0,0.0,1.0,0.0,0.0,1.0,0.0,0.0,0.0,0.0,0.0,0.0,0.0,0.0,0.0,0.0,0.0,0.0,0.03,0.9800000000000001,0,0.17166666666666666,0.085,0.20055555555555557,0.25833333333333336,0,0,0.25833333333333336,0.12611111111111112,0,0.085,0,0.7155555555555555,0.43000000000000005,0.10222222222222221,0,0,0,0,0,0,0,0,0,0,0,0,0,0,0,0.0,0,0,0,0,0.17166666666666666,0.0,Pass,sample_data/subj01_timepoint01.mp4
19,0,0.6,0.98,1,0.44,0.1,1.59,0.13,0.0,1.73,0.0,0.0,0.0,0.0,0.01,0.13,0.13,0.08,0.06,0.0,1.0,0.0,1.0,0.0,0.0,1.0,0.0,0.0,0.0,0.0,0.0,0.0,0.0,0.0,0.0,0.0,0.0,0.0,0.0,0.9800000000000001,0,0.1691666666666667,0.07333333333333333,0.2088888888888889,0.27666666666666667,0,0,0.27666666666666667,0.13094444444444445,0,0.07333333333333333,0,0.7280555555555557,0.4575,0.10400793650793652,0,0,0,0,0,0,0,0,0,0,0,0,0,0,0,0.0,0,0,0,0,0.1691666666666667,0.0,Pass,sample_data/subj01_timepoint01.mp4
20,0,0.633,0.98,1,0.39,0.09,1.62,0.0,0.0,1.86,0.0,0.0,0.0,0.0,0.01,0.15,0.09,0.1,0.1,0.06,1.0,0.0,1.0,0.0,0.0,1.0,0.0,0.0,0.0,0.0,0.0,0.0,0.0,0.0,0.0,0.0,0.0,0.0,0.0,0.9800000000000001,0,0.1675,0.065,0.215,0.29000000000000004,0,0,0.29000000000000004,0.1345,0,0.065,0,0.7375,0.47750000000000004,0.10535714285714286,0,0,0,0,0,0,0,0,0,0,0,0,0,0,0,0.0,0,0,0,0,0.1675,0.0,Pass,sample_data/subj01_timepoint01.mp4
21,0,0.667,0.98,1,0.4,0.12,1.65,0.0,0.0,1.68,0.0,0.0,0.0,0.0,0.01,0.11,0.07,0.05,0.12,0.06,1.0,0.0,1.0,0.0,0.0,1.0,0.0,0.0,0.0,0.0,0.0,0.0,0.0,0.0,0.0,0.0,0.0,0.0,0.0,0.9800000000000001,0,0.1708333333333333,0.06666666666666667,0.2072222222222222,0.2775,0,0,0.2775,0.1311111111111111,0,0.06666666666666667,0,0.7222222222222222,0.4508333333333333,0.10317460317460317,0,0,0,0,0,0,0,0,0,0,0,0,0,0,0,0.0,0,0,0,0,0.1708333333333333,0.0,Pass,sample_data/subj01_timepoint01.mp4
22,0,0.7,0.98,1,0.39,0.16,1.6,0.0,0.0,1.52,0.0,0.0,0.0,0.0,0.0,0.08,0.04,0.04,0.12,0.06,1.0,0.0,1.0,0.0,0.0,1.0,0.0,0.0,0.0,0.0,0.0,0.0,0.0,0.0,0.0,0.0,0.0,0.0,0.0,0.9800000000000001,0,0.16583333333333336,0.065,0.195,0.26,0,0,0.26,0.12416666666666668,0,0.065,0,0.6858333333333334,0.4191666666666667,0.09797619047619048,0,0,0,0,0,0,0,0,0,0,0,0,0,0,0,0.0,0,0,0,0,0.16583333333333336,0.0,Pass,sample_data/subj01_timepoint01.mp4
23,0,0.733,0.98,1,0.4,0.18,1.61,0.04,0.0,1.34,0.0,0.0,0.0,0.0,0.0,0.02,0.06,0.07,0.16,0.0,1.0,0.0,1.0,0.0,0.0,0.0,0.0,0.0,0.0,0.0,0.0,0.0,0.0,0.0,0.0,0.0,0.0,0.0,0.0,0.9800000000000001,0,0.1675,0.06666666666666667,0.1675,0.26833333333333337,0,0,0.26833333333333337,0.12066666666666667,0,0.06666666666666667,0,0.6700000000000002,0.1675,0.09571428571428574,0,0,0,0,0,0,0,0,0,0,0,0,0,0,0,0.0,0,0,0,0,0.1675,0.0,Pass,sample_data/subj01_timepoint01.mp4
24,0,0.767,0.98,1,0.39,0.11,1.56,0.04,0.0,1.3,0.0,0.0,0.0,0.0,0.0,0.07,0.09,0.09,0.23,0.0,1.0,0.0,1.0,0.0,0.0,0.0,0.0,0.0,0.0,0.0,0.0,0.0,0.0,0.0,0.0,0.0,0.0,0.0,0.0,0.9800000000000001,0,0.1625,0.065,0.1625,0.26,0,0,0.26,0.11699999999999999,0,0.065,0,0.65,0.1625,0.09285714285714286,0,0,0,0,0,0,0,0,0,0,0,0,0,0,0,0.0,0,0,0,0,0.1625,0.0,Pass,sample_data/subj01_timepoint01.mp4
25,0,0.8,0.98,1,0.41,0.05,1.57,0.04,0.0,1.35,0.02,0.0,0.0,0.0,0.0,0.06,0.1,0.11,0.29,0.0,1.0,0.0,1.0,0.0,0.0,0.0,0.0,0.0,0.0,0.0,0.0,0.0,0.0,0.0,0.0,0.0,0.0,0.0,0.0,0.9800000000000001,0,0.165,0.06833333333333333,0.165,0.26166666666666666,0,0,0.26166666666666666,0.11833333333333333,0,0.06833333333333333,0,0.6599999999999999,0.165,0.09428571428571428,0,0,0,0,0,0,0,0,0,0,0,0,0,0,0,0.0,0,0,0,0,0.165,0.0,Pass,sample_data/subj01_timepoint01.mp4
26,0,0.833,0.98,1,0.46,0.1,1.6,0.0,0.0,1.46,0.04,0.0,0.0,0.0,0.0,0.05,0.08,0.05,0.31,0.0,1.0,0.0,1.0,0.0,0.0,0.0,0.0,0.0,0.0,0.0,0.0,0.0,0.0,0.0,0.0,0.0,0.0,0.0,0.0,0.9800000000000001,0,0.17166666666666666,0.07666666666666667,0.17166666666666666,0.26666666666666666,0,0,0.26666666666666666,0.122,0,0.07666666666666667,0,0.6866666666666668,0.17166666666666666,0.09809523809523811,0,0,0,0,0,0,0,0,0,0,0,0,0,0,0,0.0,0,0,0,0,0.17166666666666666,0.0,Pass,sample_data/subj01_timepoint01.mp4
27,0,0.867,0.98,1,0.46,0.15,1.67,0.0,0.0,1.61,0.05,0.0,0.0,0.0,0.02,0.0,0.03,0.06,0.25,0.0,1.0,0.0,1.0,0.0,0.0,0.0,0.0,0.0,0.0,0.0,0.0,0.0,0.0,0.0,0.0,0.0,0.0,0.0,0.0,0.9800000000000001,0,0.1775,0.07666666666666667,0.1775,0.2783333333333333,0,0,0.2783333333333333,0.12666666666666665,0,0.07666666666666667,0,0.71,0.1775,0.10142857142857142,0,0,0,0,0,0,0,0,0,0,0,0,0,0,0,0.0,0,0,0,0,0.1775,0.0,Pass,sample_data/subj01_timepoint01.mp4
28,0,0.9,0.98,1,0.4,0.21,1.6,0.0,0.0,1.64,0.04,0.0,0.0,0.0,0.09,0.02,0.07,0.09,0.29,0.0,1.0,0.0,1.0,0.0,0.0,0.0,0.0,0.0,0.0,0.0,0.0,0.0,0.0,0.0,0.0,0.0,0.0,0.0,0.0,0.9800000000000001,0,0.16666666666666666,0.06666666666666667,0.16666666666666666,0.26666666666666666,0,0,0.26666666666666666,0.12,0,0.06666666666666667,0,0.6666666666666667,0.16666666666666666,0.09523809523809525,0,0,0,0,0,0,0,0,0,0,0,0,0,0,0,0.0,0,0,0,0,0.16666666666666666,0.0,Pass,sample_data/subj01_timepoint01.mp4
29,0,0.9329999999999999,0.98,1,0.33,0.1,1.53,0.0,0.0,1.72,0.02,0.0,0.0,0.0,0.09,0.05,0.06,0.11,0.26,0.0,1.0,0.0,1.0,0.0,0.0,0.0,0.0,0.0,0.0,0.0,0.0,0.0,0.0,0.0,0.0,0.0,0.0,0.0,0.0,0.9800000000000001,0,0.155,0.055,0.155,0.255,0,0,0.255,0.11299999999999999,0,0.055,0,0.62,0.155,0.08857142857142856,0,0,0,0,0,0,0,0,0,0,0,0,0,0,0,0.0,0,0,0,0,0.155,0.0,Pass,sample_data/subj01_timepoint01.mp4
30,0,0.9670000000000001,0.98,1,0.26,0.06,1.47,0.0,0.0,1.76,0.01,0.0,0.0,0.0,0.08,0.05,0.09,0.08,0.21,0.01,1.0,0.0,1.0,0.0,0.0,1.0,0.0,0.0,0.0,0.0,0.0,0.0,0.0,0.0,0.0,0.0,0.0,0.0,0.0,0.9800000000000001,0,0.14416666666666667,0.043333333333333335,0.1938888888888889,0.26916666666666667,0,0,0.26916666666666667,0.12144444444444444,0,0.043333333333333335,0,0.6505555555555556,0.4375,0.09293650793650794,0,0,0,0,0,0,0,0,0,0,0,0,0,0,0,0.0,0,0,0,0,0.14416666666666667,0.0,Pass,sample_data/subj01_timepoint01.mp4
31,0,1.0,0.98,1,0.28,0.0,1.54,0.0,0.0,1.88,0.01,0.0,0.0,0.0,0.0,0.09,0.07,0.05,0.16,0.01,1.0,0.0,1.0,0.0,0.0,1.0,0.0,0.0,0.0,0.0,0.0,0.0,0.0,0.0,0.0,0.0,0.0,0.0,0.0,0.9800000000000001,0,0.15166666666666667,0.04666666666666667,0.20555555555555557,0.285,0,0,0.285,0.12844444444444444,0,0.04666666666666667,0,0.6888888888888889,0.46499999999999997,0.09841269841269841,0,0,0,0,0,0,0,0,0,0,0,0,0,0,0,0.0,0,0,0,0,0.15166666666666667,0.0,Pass,sample_data/subj01_timepoint01.mp4
32,0,1.033,0.98,1,0.2,0.0,1.49,0.0,0.0,1.85,0.0,0.0,0.0,0.0,0.0,0.1,0.09,0.06,0.11,0.01,1.0,0.0,1.0,0.0,0.0,1.0,0.0,0.0,0.0,0.0,0.0,0.0,0.0,0.0,0.0,0.0,0.0,0.0,0.0,0.9800000000000001,0,0.14083333333333334,0.03333333333333333,0.19666666666666666,0.2783333333333333,0,0,0.2783333333333333,0.12316666666666667,0,0.03333333333333333,0,0.6491666666666667,0.4491666666666667,0.09273809523809524,0,0,0,0,0,0,0,0,0,0,0,0,0,0,0,0.0,0,0,0,0,0.14083333333333334,0.0,Pass,sample_data/subj01_timepoint01.mp4
33,0,1.067,0.98,1,0.2,0.0,1.53,0.0,0.0,1.92,0.0,0.0,0.0,0.0,0.0,0.1,0.07,0.04,0.15,0.06,1.0,0.0,1.0,0.0,0.0,1.0,0.0,0.0,0.0,0.0,0.0,0.0,0.0,0.0,0.0,0.0,0.0,0.0,0.0,0.9800000000000001,0,0.14416666666666667,0.03333333333333333,0.20277777777777778,0.28750000000000003,0,0,0.28750000000000003,0.12688888888888888,0,0.03333333333333333,0,0.6677777777777778,0.46416666666666667,0.0953968253968254,0,0,0,0,0,0,0,0,0,0,0,0,0,0,0,0.0,0,0,0,0,0.14416666666666667,0.0,Pass,sample_data/subj01_timepoint01.mp4
34,0,1.1,0.98,1,0.11,0.0,1.5,0.0,0.0,1.9,0.0,0.0,0.0,0.0,0.0,0.04,0.02,0.03,0.1,0.06,1.0,0.0,1.0,0.0,0.0,1.0,0.0,0.0,0.0,0.0,0.0,0.0,0.0,0.0,0.0,0.0,0.0,0.0,0.0,0.9800000000000001,0,0.13416666666666668,0.018333333333333333,0.19499999999999998,0.2833333333333333,0,0,0.2833333333333333,0.12250000000000001,0,0.018333333333333333,0,0.6308333333333334,0.4508333333333333,0.09011904761904763,0,0,0,0,0,0,0,0,0,0,0,0,0,0,0,0.0,0,0,0,0,0.13416666666666668,0.0,Pass,sample_data/subj01_timepoint01.mp4
35,0,1.133,0.98,1,0.08,0.0,1.56,0.0,0.0,1.99,0.0,0.0,0.0,0.0,0.0,0.0,0.0,0.02,0.19,0.1,0.0,0.0,1.0,0.0,0.0,1.0,0.0,0.0,0.0,0.0,0.0,0.0,0.0,0.0,0.0,0.0,0.0,0.0,0.0,0.9800000000000001,0,0.26,0.0,0.29583333333333334,0.29583333333333334,0,0,0.29583333333333334,0.17033333333333336,0,0.0,0,0.8516666666666668,0.5916666666666667,0.12166666666666669,0,0,0,0,0,0,0,0,0,0,0,0,0,0,0,0.0,0,0,0,0,0.0,0.0,Pass,sample_data/subj01_timepoint01.mp4
36,0,1.167,0.98,1,0.04,0.0,1.51,0.0,0.0,2.04,0.02,0.0,0.0,0.0,0.0,0.0,0.01,0.09,0.27,0.13,0.0,0.0,1.0,0.0,0.0,1.0,0.0,0.0,0.0,0.0,0.0,0.0,0.0,0.0,0.0,0.0,0.0,0.0,0.0,0.9800000000000001,0,0.25166666666666665,0.0,0.29583333333333334,0.29583333333333334,0,0,0.29583333333333334,0.16866666666666666,0,0.0,0,0.8433333333333333,0.5916666666666667,0.12047619047619047,0,0,0,0,0,0,0,0,0,0,0,0,0,0,0,0.0,0,0,0,0,0.0,0.0,Pass,sample_data/subj01_timepoint01.mp4
37,0,1.2,0.98,1,0.1,0.0,1.46,0.0,0.0,2.08,0.02,0.0,0.0,0.0,0.0,0.01,0.01,0.12,0.33,0.23,0.0,0.0,1.0,0.0,0.0,1.0,0.0,0.0,0.0,0.0,0.0,0.0,0.0,0.0,0.0,0.0,0.0,0.0,0.0,0.9800000000000001,0,0.24333333333333332,0.0,0.295,0.295,0,0,0.295,0.16666666666666666,0,0.0,0,0.8333333333333333,0.59,0.11904761904761904,0,0,0,0,0,0,0,0,0,0,0,0,0,0,0,0.0,0,0,0,0,0.0,0.0,Pass,sample_data/subj01_timepoint01.mp4
38,0,1.2329999999999999,0.98,1,0.1,0.0,1.36,0.0,0.0,2.03,0.02,0.0,0.0,0.0,0.0,0.01,0.01,0.17,0.23,0.31,0.0,0.0,1.0,0.0,0.0,1.0,0.0,0.0,0.0,0.0,0.0,0.0,0.0,0.0,0.0,0.0,0.0,0.0,0.0,0.9800000000000001,0,0.22666666666666668,0.0,0.2825,0.2825,0,0,0.2825,0.15833333333333333,0,0.0,0,0.7916666666666666,0.565,0.1130952380952381,0,0,0,0,0,0,0,0,0,0,0,0,0,0,0,0.0,0,0,0,0,0.0,0.0,Pass,sample_data/subj01_timepoint01.mp4
39,0,1.2670000000000001,0.98,1,0.12,0.0,1.26,0.02,0.0,1.84,0.0,0.0,0.0,0.0,0.0,0.02,0.0,0.15,0.18,0.34,0.0,0.0,1.0,0.0,0.0,1.0,0.0,0.0,0.0,0.0,0.0,0.0,0.0,0.0,0.0,0.0,0.0,0.0,0.0,0.9800000000000001,0,0.21,0.0,0.25833333333333336,0.25833333333333336,0,0,0.25833333333333336,0.14533333333333337,0,0.0,0,0.7266666666666668,0.5166666666666667,0.10380952380952382,0,0,0,0,0,0,0,0,0,0,0,0,0,0,0,0.0,0,0,0,0,0.0,0.0,Pass,sample_data/subj01_timepoint01.mp4
40,0,1.3,0.98,1,0.08,0.0,1.29,0.13,0.0,1.81,0.0,0.0,0.0,0.0,0.0,0.03,0.0,0.19,0.25,0.34,0.0,0.0,1.0,0.0,0.0,1.0,0.0,0.0,0.0,0.0,0.0,0.0,0.0,0.0,0.0,0.0,0.0,0.0,0.0,0.9800000000000001,0,0.215,0.0,0.25833333333333336,0.25833333333333336,0,0,0.25833333333333336,0.14633333333333334,0,0.0,0,0.7316666666666667,0.5166666666666667,0.10452380952380953,0,0,0,0,0,0,0,0,0,0,0,0,0,0,0,0.0,0,0,0,0,0.0,0.0,Pass,sample_data/subj01_timepoint01.mp4
41,0,1.3330000000000002,0.98,1,0.16,0.0,1.34,0.19,0.0,1.79,0.0,0.0,0.0,0.0,0.0,0.06,0.0,0.18,0.32,0.34,0.0,0.0,1.0,0.0,0.0,1.0,0.0,0.0,0.0,0.0,0.0,0.0,0.0,0.0,0.0,0.0,0.0,0.0,0.0,0.9800000000000001,0,0.22333333333333336,0.0,0.2608333333333333,0.2608333333333333,0,0,0.2608333333333333,0.14899999999999997,0,0.0,0,0.7449999999999999,0.5216666666666667,0.10642857142857141,0,0,0,0,0,0,0,0,0,0,0,0,0,0,0,0.0,0,0,0,0,0.0,0.0,Pass,sample_data/subj01_timepoint01.mp4
42,0,1.367,0.98,1,0.13,0.0,1.44,0.16,0.0,1.92,0.0,0.0,0.0,0.0,0.0,0.07,0.0,0.18,0.35,0.32,0.0,0.0,1.0,0.0,0.0,1.0,0.0,0.0,0.0,0.0,0.0,0.0,0.0,0.0,0.0,0.0,0.0,0.0,0.0,0.9800000000000001,0,0.24,0.0,0.27999999999999997,0.27999999999999997,0,0,0.27999999999999997,0.16,0,0.0,0,0.8,0.56,0.1142857142857143,0,0,0,0,0,0,0,0,0,0,0,0,0,0,0,0.0,0,0,0,0,0.0,0.0,Pass,sample_data/subj01_timepoint01.mp4
43,0,1.4,0.98,1,0.18,0.0,1.45,0.06,0.0,1.9,0.03,0.0,0.0,0.0,0.0,0.05,0.0,0.18,0.29,0.28,0.0,0.0,1.0,0.0,0.0,1.0,0.0,0.0,0.0,0.0,0.0,0.0,0.0,0.0,0.0,0.0,0.0,0.0,0.0,0.9800000000000001,0,0.24166666666666667,0.0,0.2791666666666666,0.2791666666666666,0,0,0.2791666666666666,0.15999999999999998,0,0.0,0,0.7999999999999998,0.5583333333333333,0.11428571428571425,0,0,0,0,0,0,0,0,0,0,0,0,0,0,0,0.0,0,0,0,0,0.0,0.0,Pass,sample_data/subj01_timepoint01.mp4
44,0,1.433,0.98,1,0.24,0.0,1.51,0.0,0.0,1.88,0.03,0.0,0.0,0.0,0.0,0.02,0.04,0.16,0.23,0.16,0.0,0.0,1.0,0.0,0.0,1.0,0.0,0.0,0.0,0.0,0.0,0.0,0.0,0.0,0.0,0.0,0.0,0.0,0.0,0.9800000000000001,0,0.25166666666666665,0.0,0.2825,0.2825,0,0,0.2825,0.16333333333333333,0,0.0,0,0.8166666666666667,0.565,0.11666666666666667,0,0,0,0,0,0,0,0,0,0,0,0,0,0,0,0.0,0,0,0,0,0.0,0.0,Pass,sample_data/subj01_timepoint01.mp4
45,0,1.4669999999999999,0.98,1,0.32,0.0,1.51,0.01,0.0,1.84,0.02,0.0,0.0,0.0,0.0,0.0,0.04,0.2,0.19,0.13,0.0,0.0,1.0,0.0,0.0,1.0,0.0,0.0,0.0,0.0,0.0,0.0,0.0,0.0,0.0,0.0,0.0,0.0,0.0,0.9800000000000001,0,0.25166666666666665,0.0,0.2791666666666667,0.2791666666666667,0,0,0.2791666666666667,0.16199999999999998,0,0.0,0,0.8099999999999999,0.5583333333333333,0.1157142857142857,0,0,0,0,0,0,0,0,0,0,0,0,0,0,0,0.0,0,0,0,0,0.0,0.0,Pass,sample_data/subj01_timepoint01.mp4
46,0,1.5,0.98,1,0.32,0.0,1.49,0.01,0.0,1.92,0.0,0.0,0.0,0.0,0.0,0.01,0.04,0.27,0.2,0.13,0.0,0.0,1.0,0.0,0.0,1.0,0.0,0.0,0.0,0.0,0.0,0.0,0.0,0.0,0.0,0.0,0.0,0.0,0.0,0.9800000000000001,0,0.24833333333333332,0.0,0.2841666666666667,0.2841666666666667,0,0,0.2841666666666667,0.16333333333333333,0,0.0,0,0.8166666666666667,0.5683333333333334,0.11666666666666667,0,0,0,0,0,0,0,0,0,0,0,0,0,0,0,0.0,0,0,0,0,0.0,0.0,Pass,sample_data/subj01_timepoint01.mp4
47,0,1.5330000000000001,0.98,1,0.23,0.0,1.51,0.01,0.0,1.93,0.0,0.0,0.0,0.0,0.0,0.01,0.12,0.29,0.23,0.13,0.0,0.0,1.0,0.0,0.0,1.0,0.0,0.0,0.0,0.0,0.0,0.0,0.0,0.0,0.0,0.0,0.0,0.0,0.0,0.9800000000000001,0,0.25166666666666665,0.0,0.2866666666666667,0.2866666666666667,0,0,0.2866666666666667,0.16499999999999998,0,0.0,0,0.825,0.5733333333333333,0.11785714285714285,0,0,0,0,0,0,0,0,0,0,0,0,0,0,0,0.0,0,0,0,0,0.0,0.0,Pass,sample_data/subj01_timepoint01.mp4
48,0,1.567,0.98,1,0.14,0.01,1.59,0.0,0.0,1.89,0.01,0.0,0.0,0.0,0.0,0.07,0.18,0.26,0.28,0.07,0.0,0.0,1.0,0.0,0.0,1.0,0.0,0.0,0.0,0.0,0.0,0.0,0.0,0.0,0.0,0.0,0.0,0.0,0.0,0.9800000000000001,0,0.265,0.0,0.29,0.29,0,0,0.29,0.16899999999999998,0,0.0,0,0.845,0.5800000000000001,0.1207142857142857,0,0,0,0,0,0,0,0,0,0,0,0,0,0,0,0.0,0,0,0,0,0.0,0.0,Pass,sample_data/subj01_timepoint01.mp4
49,0,1.6,0.98,1,0.09,0.01,1.66,0.0,0.0,1.72,0.03,0.0,0.0,0.0,0.01,0.11,0.2,0.17,0.27,0.01,0.0,0.0,1.0,0.0,0.0,1.0,0.0,0.0,0.0,0.0,0.0,0.0,0.0,0.0,0.0,0.0,0.0,0.0,0.0,0.9800000000000001,0,0.27666666666666667,0.0,0.2816666666666667,0.2816666666666667,0,0,0.2816666666666667,0.168,0,0.0,0,0.8400000000000001,0.5633333333333334,0.12000000000000001,0,0,0,0,0,0,0,0,0,0,0,0,0,0,0,0.0,0,0,0,0,0.0,0.0,Pass,sample_data/subj01_timepoint01.mp4
50,0,1.633,0.98,1,0.13,0.01,1.68,0.0,0.0,1.75,0.03,0.0,0.0,0.0,0.01,0.23,0.08,0.21,0.38,0.01,0.0,0.0,1.0,0.0,0.0,1.0,0.0,0.0,0.0,0.0,0.0,0.0,0.0,0.0,0.0,0.0,0.0,0.0,0.0,0.9800000000000001,0,0.27999999999999997,0.0,0.28583333333333333,0.28583333333333333,0,0,0.28583333333333333,0.1703333333333333,0,0.0,0,0.8516666666666666,0.5716666666666667,0.12166666666666666,0,0,0,0,0,0,0,0,0,0,0,0,0,0,0,0.0,0,0,0,0,0.0,0.0,Pass,sample_data/subj01_timepoint01.mp4
51,0,1.6669999999999998,0.98,1,0.15,0.0,1.62,0.0,0.0,1.73,0.02,0.0,0.0,0.0,0.01,0.2,0.05,0.23,0.41,0.03,0.0,0.0,1.0,0.0,0.0,1.0,0.0,0.0,0.0,0.0,0.0,0.0,0.0,0.0,0.0,0.0,0.0,0.0,0.0,0.9800000000000001,0,0.27,0.0,0.2791666666666667,0.2791666666666667,0,0,0.2791666666666667,0.16566666666666668,0,0.0,0,0.8283333333333334,0.5583333333333333,0.11833333333333333,0,0,0,0,0,0,0,0,0,0,0,0,0,0,0,0.0,0,0,0,0,0.0,0.0,Pass,sample_data/subj01_timepoint01.mp4
52,0,1.7,0.98,1,0.11,0.0,1.6,0.0,0.0,1.81,0.01,0.0,0.0,0.0,0.0,0.18,0.14,0.21,0.4,0.03,0.0,0.0,1.0,0.0,0.0,1.0,0.0,0.0,0.0,0.0,0.0,0.0,0.0,0.0,0.0,0.0,0.0,0.0,0.0,0.9800000000000001,0,0.26666666666666666,0.0,0.2841666666666667,0.2841666666666667,0,0,0.2841666666666667,0.16699999999999998,0,0.0,0,0.835,0.5683333333333334,0.11928571428571429,0,0,0,0,0,0,0,0,0,0,0,0,0,0,0,0.0,0,0,0,0,0.0,0.0,Pass,sample_data/subj01_timepoint01.mp4
53,0,1.733,0.98,1,0.06,0.0,1.54,0.0,0.0,1.78,0.01,0.0,0.0,0.0,0.0,0.06,0.15,0.17,0.31,0.03,0.0,0.0,1.0,0.0,0.0,1.0,0.0,0.0,0.0,0.0,0.0,0.0,0.0,0.0,0.0,0.0,0.0,0.0,0.03,0.9800000000000001,0,0.25666666666666665,0.0,0.27666666666666667,0.27666666666666667,0,0,0.27666666666666667,0.162,0,0.0,0,0.81,0.5533333333333333,0.11571428571428573,0,0,0,0,0,0,0,0,0,0,0,0,0,0,0,0.0,0,0,0,0,0.0,0.0,Pass,sample_data/subj01_timepoint01.mp4
54,0,1.767,0.98,1,0.09,0.0,1.63,0.0,0.0,1.76,0.0,0.0,0.0,0.0,0.05,0.05,0.12,0.1,0.21,0.0,0.0,0.0,1.0,0.0,0.0,1.0,0.0,0.0,0.0,0.0,0.0,0.0,0.0,0.0,0.0,0.0,0.0,0.0,0.03,0.9800000000000001,0,0.27166666666666667,0.0,0.2825,0.2825,0,0,0.2825,0.16733333333333333,0,0.0,0,0.8366666666666667,0.565,0.11952380952380952,0,0,0,0,0,0,0,0,0,0,0,0,0,0,0,0.0,0,0,0,0,0.0,0.0,Pass,sample_data/subj01_timepoint01.mp4
55,0,1.8,0.98,1,0.11,0.0,1.6,0.0,0.0,1.71,0.0,0.0,0.0,0.0,0.14,0.02,0.01,0.05,0.14,0.0,0.0,0.0,1.0,0.0,0.0,1.0,0.0,0.0,0.0,0.0,0.0,0.0,0.0,0.0,0.0,0.0,0.0,0.0,0.03,0.9800000000000001,0,0.26666666666666666,0.0,0.2758333333333333,0.2758333333333333,0,0,0.2758333333333333,0.16366666666666668,0,0.0,0,0.8183333333333334,0.5516666666666666,0.11690476190476191,0,0,0,0,0,0,0,0,0,0,0,0,0,0,0,0.0,0,0,0,0,0.0,0.0,Pass,sample_data/subj01_timepoint01.mp4
56,0,1.8330000000000002,0.98,1,0.11,0.0,1.6,0.0,0.0,1.59,0.0,0.0,0.0,0.0,0.25,0.02,0.0,0.06,0.07,0.0,0.0,0.0,1.0,0.0,0.0,1.0,0.0,0.0,0.0,0.0,0.0,0.0,0.0,0.0,0.0,0.0,0.0,0.0,0.0,0.9800000000000001,0,0.26666666666666666,0.0,0.26583333333333337,0.26583333333333337,0,0,0.26583333333333337,0.15966666666666668,0,0.0,0,0.7983333333333333,0.5316666666666667,0.11404761904761905,0,0,0,0,0,0,0,0,0,0,0,0,0,0,0,0.0,0,0,0,0,0.0,0.0,Pass,sample_data/subj01_timepoint01.mp4
57,0,1.867,0.98,1,0.05,0.0,1.58,0.0,0.0,1.55,0.0,0.0,0.0,0.0,0.28,0.0,0.0,0.14,0.02,0.0,0.0,0.0,1.0,0.0,0.0,1.0,0.0,0.0,0.0,0.0,0.0,0.0,0.0,0.0,0.0,0.0,0.0,0.0,0.0,0.9800000000000001,0,0.26333333333333336,0.0,0.2608333333333333,0.2608333333333333,0,0,0.2608333333333333,0.15699999999999997,0,0.0,0,0.7849999999999999,0.5216666666666667,0.11214285714285713,0,0,0,0,0,0,0,0,0,0,0,0,0,0,0,0.0,0,0,0,0,0.0,0.0,Pass,sample_data/subj01_timepoint01.mp4
58,0,1.9,0.98,1,0.07,0.0,1.6,0.0,0.0,1.58,0.0,0.0,0.0,0.0,0.24,0.01,0.0,0.21,0.06,0.0,0.0,0.0,1.0,0.0,0.0,1.0,0.0,0.0,0.0,0.0,0.0,0.0,0.0,0.0,0.0,0.0,0.0,0.0,0.0,0.9800000000000001,0,0.26666666666666666,0.0,0.265,0.265,0,0,0.265,0.15933333333333335,0,0.0,0,0.7966666666666667,0.53,0.11380952380952382,0,0,0,0,0,0,0,0,0,0,0,0,0,0,0,0.0,0,0,0,0,0.0,0.0,Pass,sample_data/subj01_timepoint01.mp4
59,0,1.933,0.98,1,0.08,0.0,1.58,0.0,0.0,1.62,0.0,0.0,0.0,0.0,0.16,0.04,0.0,0.2,0.13,0.0,0.0,0.0,1.0,0.0,0.0,1.0,0.0,0.0,0.0,0.0,0.0,0.0,0.0,0.0,0.0,0.0,0.0,0.0,0.0,0.9800000000000001,0,0.26333333333333336,0.0,0.26666666666666666,0.26666666666666666,0,0,0.26666666666666666,0.15933333333333333,0,0.0,0,0.7966666666666666,0.5333333333333334,0.1138095238095238,0,0,0,0,0,0,0,0,0,0,0,0,0,0,0,0.0,0,0,0,0,0.0,0.0,Pass,sample_data/subj01_timepoint01.mp4
60,0,1.9669999999999999,0.98,1,0.09,0.0,1.57,0.0,0.0,1.68,0.0,0.0,0.0,0.0,0.22,0.05,0.0,0.15,0.13,0.0,0.0,0.0,1.0,0.0,0.0,1.0,0.0,0.0,0.0,0.0,0.0,0.0,0.0,0.0,0.0,0.0,0.0,0.0,0.0,0.9800000000000001,0,0.26166666666666666,0.0,0.2708333333333333,0.2708333333333333,0,0,0.2708333333333333,0.16066666666666665,0,0.0,0,0.8033333333333332,0.5416666666666666,0.11476190476190475,0,0,0,0,0,0,0,0,0,0,0,0,0,0,0,0.0,0,0,0,0,0.0,0.0,Pass,sample_data/subj01_timepoint01.mp4
61,0,2.0,0.98,1,0.08,0.0,1.62,0.0,0.0,1.69,0.0,0.0,0.0,0.0,0.26,0.05,0.0,0.12,0.12,0.0,0.0,0.0,1.0,0.0,0.0,1.0,0.0,0.0,0.0,0.0,0.0,0.0,0.0,0.0,0.0,0.0,0.0,0.0,0.0,0.9800000000000001,0,0.27,0.0,0.2758333333333333,0.2758333333333333,0,0,0.2758333333333333,0.16433333333333336,0,0.0,0,0.8216666666666668,0.5516666666666667,0.11738095238095239,0,0,0,0,0,0,0,0,0,0,0,0,0,0,0,0.0,0,0,0,0,0.0,0.0,Pass,sample_data/subj01_timepoint01.mp4
62,0,2.033,0.98,1,0.12,0.0,1.64,0.0,0.0,1.78,0.0,0.0,0.0,0.0,0.35,0.01,0.0,0.11,0.05,0.0,0.0,0.0,1.0,0.0,0.0,1.0,0.0,0.0,0.0,0.0,0.0,0.0,0.0,0.0,0.0,0.0,0.0,0.0,0.0,0.9800000000000001,0,0.2733333333333333,0.0,0.285,0.285,0,0,0.285,0.16866666666666666,0,0.0,0,0.8433333333333333,0.5700000000000001,0.12047619047619047,0,0,0,0,0,0,0,0,0,0,0,0,0,0,0,0.0,0,0,0,0,0.0,0.0,Pass,sample_data/subj01_timepoint01.mp4
63,0,2.0669999999999997,0.98,1,0.16,0.0,1.63,0.0,0.0,1.81,0.0,0.0,0.0,0.0,0.29,0.05,0.0,0.13,0.06,0.0,0.0,0.0,1.0,0.0,0.0,1.0,0.0,0.0,0.0,0.0,0.0,0.0,0.0,0.0,0.0,0.0,0.0,0.0,0.0,0.9800000000000001,0,0.27166666666666667,0.0,0.2866666666666667,0.2866666666666667,0,0,0.2866666666666667,0.16899999999999998,0,0.0,0,0.845,0.5733333333333334,0.1207142857142857,0,0,0,0,0,0,0,0,0,0,0,0,0,0,0,0.0,0,0,0,0,0.0,0.0,Pass,sample_data/subj01_timepoint01.mp4
64,0,2.1,0.98,1,0.25,0.0,1.59,0.0,0.0,1.77,0.0,0.0,0.0,0.0,0.24,0.11,0.0,0.13,0.04,0.03,0.0,0.0,1.0,0.0,0.0,1.0,0.0,0.0,0.0,0.0,0.0,0.0,0.0,0.0,0.0,0.0,0.0,0.0,0.0,0.9800000000000001,0,0.265,0.0,0.28,0.28,0,0,0.28,0.165,0,0.0,0,0.8250000000000001,0.56,0.11785714285714287,0,0,0,0,0,0,0,0,0,0,0,0,0,0,0,0.0,0,0,0,0,0.0,0.0,Pass,sample_data/subj01_timepoint01.mp4
65,0,2.133,0.98,1,0.3,0.04,1.6,0.0,0.0,1.77,0.0,0.0,0.0,0.0,0.18,0.13,0.0,0.14,0.09,0.04,0.0,0.0,1.0,0.0,0.0,1.0,0.0,0.0,0.0,0.0,0.0,0.0,0.0,0.0,0.0,0.0,0.0,0.0,0.03,0.9800000000000001,0,0.26666666666666666,0.0,0.2808333333333333,0.2808333333333333,0,0,0.2808333333333333,0.16566666666666668,0,0.0,0,0.8283333333333334,0.5616666666666666,0.11833333333333333,0,0,0,0,0,0,0,0,0,0,0,0,0,0,0,0.0,0,0,0,0,0.0,0.0,Pass,sample_data/subj01_timepoint01.mp4
66,0,2.167,0.98,1,0.33,0.04,1.56,0.0,0.0,1.71,0.0,0.0,0.0,0.0,0.21,0.11,0.0,0.09,0.13,0.04,0.0,0.0,1.0,0.0,0.0,1.0,0.0,0.0,0.0,0.0,0.0,0.0,0.0,0.0,0.0,0.0,0.0,0.0,0.04,0.9800000000000001,0,0.26,0.0,0.2725,0.2725,0,0,0.2725,0.16099999999999998,0,0.0,0,0.8049999999999999,0.5449999999999999,0.11499999999999999,0,0,0,0,0,0,0,0,0,0,0,0,0,0,0,0.0,0,0,0,0,0.0,0.0,Pass,sample_data/subj01_timepoint01.mp4
67,0,2.2,0.98,1,0.28,0.04,1.55,0.0,0.0,1.74,0.0,0.0,0.0,0.0,0.25,0.09,0.0,0.1,0.19,0.01,0.0,0.0,1.0,0.0,0.0,1.0,0.0,0.0,0.0,0.0,0.0,0.0,0.0,0.0,0.0,0.0,0.0,0.0,0.04,0.9800000000000001,0,0.25833333333333336,0.0,0.27416666666666667,0.27416666666666667,0,0,0.27416666666666667,0.16133333333333333,0,0.0,0,0.8066666666666666,0.5483333333333333,0.11523809523809524,0,0,0,0,0,0,0,0,0,0,0,0,0,0,0,0.0,0,0,0,0,0.0,0.0,Pass,sample_data/subj01_timepoint01.mp4
68,0,2.233,0.98,1,0.18,0.0,1.55,0.0,0.0,1.64,0.0,0.0,0.0,0.0,0.25,0.11,0.0,0.06,0.18,0.0,0.0,0.0,1.0,0.0,0.0,0.0,0.0,0.0,0.0,0.0,0.0,0.0,0.0,0.0,0.0,0.0,0.0,0.0,0.03,0.9800000000000001,0,0.25833333333333336,0.0,0.25833333333333336,0.25833333333333336,0,0,0.25833333333333336,0.15500000000000003,0,0.0,0,0.7750000000000001,0.25833333333333336,0.11071428571428574,0,0,0,0,0,0,0,0,0,0,0,0,0,0,0,0.0,0,0,0,0,0.0,0.0,Pass,sample_data/subj01_timepoint01.mp4
69,0,2.267,0.98,1,0.12,0.0,1.59,0.0,0.0,1.68,0.0,0.0,0.0,0.0,0.15,0.08,0.0,0.09,0.23,0.0,0.0,0.0,1.0,0.0,0.0,0.0,0.0,0.0,0.0,0.0,0.0,0.0,0.0,0.0,0.0,0.0,0.0,0.0,0.04,0.9800000000000001,0,0.265,0.0,0.265,0.265,0,0,0.265,0.159,0,0.0,0,0.795,0.265,0.11357142857142857,0,0,0,0,0,0,0,0,0,0,0,0,0,0,0,0.0,0,0,0,0,0.0,0.0,Pass,sample_data/subj01_timepoint01.mp4
70,0,2.3,0.98,1,0.15,0.0,1.59,0.02,0.0,1.56,0.0,0.0,0.0,0.0,0.08,0.05,0.0,0.03,0.21,0.03,0.0,0.0,1.0,0.0,0.0,1.0,0.0,0.0,0.0,0.0,0.0,0.0,0.0,0.0,0.0,0.0,0.0,0.0,0.06,0.9800000000000001,0,0.265,0.0,0.2625,0.2625,0,0,0.2625,0.158,0,0.0,0,0.79,0.525,0.11285714285714286,0,0,0,0,0,0,0,0,0,0,0,0,0,0,0,0.0,0,0,0,0,0.0,0.0,Pass,sample_data/subj01_timepoint01.mp4
71,0,2.333,0.98,1,0.22,0.03,1.62,0.02,0.0,1.74,0.03,0.0,0.0,0.0,0.06,0.02,0.0,0.03,0.18,0.11,0.0,0.0,1.0,0.0,0.0,1.0,0.0,0.0,0.0,0.0,0.0,0.0,0.0,0.0,0.0,0.0,0.0,0.0,0.04,0.9800000000000001,0,0.27,0.0,0.28,0.28,0,0,0.28,0.166,0,0.0,0,0.8300000000000001,0.56,0.11857142857142858,0,0,0,0,0,0,0,0,0,0,0,0,0,0,0,0.0,0,0,0,0,0.0,0.0,Pass,sample_data/subj01_timepoint01.mp4
72,0,2.367,0.98,1,0.26,0.03,1.65,0.02,0.0,1.68,0.05,0.0,0.0,0.0,0.06,0.02,0.0,0.0,0.12,0.12,0.0,0.0,1.0,0.0,0.0,1.0,0.0,0.0,0.0,0.0,0.0,0.0,0.0,0.0,0.0,0.0,0.0,0.0,0.02,0.9800000000000001,0,0.27499999999999997,0.0,0.2775,0.2775,0,0,0.2775,0.166,0,0.0,0,0.8300000000000001,0.5549999999999999,0.11857142857142858,0,0,0,0,0,0,0,0,0,0,0,0,0,0,0,0.0,0,0,0,0,0.0,0.0,Pass,sample_data/subj01_timepoint01.mp4
73,0,2.4,0.98,1,0.21,0.03,1.66,0.0,0.0,1.77,0.12,0.0,0.0,0.0,0.03,0.02,0.0,0.0,0.13,0.09,0.0,0.0,1.0,0.0,0.0,1.0,0.0,0.0,0.0,0.0,0.0,0.0,0.0,0.0,0.0,0.0,0.0,0.0,0.0,0.9800000000000001,0,0.27666666666666667,0.0,0.28583333333333333,0.28583333333333333,0,0,0.28583333333333333,0.1696666666666667,0,0.0,0,0.8483333333333334,0.5716666666666667,0.1211904761904762,0,0,0,0,0,0,0,0,0,0,0,0,0,0,0,0.0,0,0,0,0,0.0,0.0,Pass,sample_data/subj01_timepoint01.mp4
74,0,2.4330000000000003,0.98,1,0.09,0.0,1.66,0.0,0.0,1.66,0.15,0.0,0.0,0.0,0.0,0.03,0.01,0.0,0.19,0.02,0.0,0.0,1.0,0.0,0.0,1.0,0.0,0.0,0.0,0.0,0.0,0.0,0.0,0.0,0.0,0.0,0.0,0.0,0.0,0.9800000000000001,0,0.27666666666666667,0.0,0.27666666666666667,0.27666666666666667,0,0,0.27666666666666667,0.166,0,0.0,0,0.8300000000000001,0.5533333333333333,0.11857142857142858,0,0,0,0,0,0,0,0,0,0,0,0,0,0,0,0.0,0,0,0,0,0.0,0.0,Pass,sample_data/subj01_timepoint01.mp4
75,0,2.467,0.98,1,0.04,0.0,1.6,0.0,0.0,1.57,0.17,0.0,0.0,0.0,0.0,0.03,0.01,0.03,0.28,0.01,0.0,0.0,1.0,0.0,0.0,1.0,0.0,0.0,0.0,0.0,0.0,0.0,0.0,0.0,0.0,0.0,0.0,0.0,0.0,0.9800000000000001,0,0.26666666666666666,0.0,0.26416666666666666,0.26416666666666666,0,0,0.26416666666666666,0.15899999999999997,0,0.0,0,0.7949999999999999,0.5283333333333333,0.11357142857142856,0,0,0,0,0,0,0,0,0,0,0,0,0,0,0,0.0,0,0,0,0,0.0,0.0,Pass,sample_data/subj01_timepoint01.mp4
76,0,2.5,0.98,1,0.0,0.0,1.57,0.11,0.0,1.48,0.13,0.0,0.0,0.0,0.02,0.04,0.03,0.1,0.32,0.01,0.0,0.0,1.0,0.0,0.0,1.0,0.0,0.0,0.0,0.0,0.0,0.0,0.0,0.0,0.0,0.0,0.0,0.0,0.0,0.9800000000000001,0,0.26166666666666666,0.0,0.25416666666666665,0.25416666666666665,0,0,0.25416666666666665,0.154,0,0.0,0,0.77,0.5083333333333333,0.11,0,0,0,0,0,0,0,0,0,0,0,0,0,0,0,0.0,0,0,0,0,0.0,0.0,Pass,sample_data/subj01_timepoint01.mp4
77,0,2.533,0.98,1,0.0,0.0,1.5,0.11,0.0,1.43,0.11,0.0,0.0,0.0,0.02,0.04,0.09,0.12,0.38,0.0,0.0,0.0,1.0,0.0,0.0,1.0,0.0,0.0,0.0,0.0,0.0,0.0,0.0,0.0,0.0,0.0,0.0,0.0,0.0,0.9800000000000001,0,0.25,0.0,0.24416666666666664,0.24416666666666664,0,0,0.24416666666666664,0.14766666666666667,0,0.0,0,0.7383333333333333,0.4883333333333333,0.10547619047619047,0,0,0,0,0,0,0,0,0,0,0,0,0,0,0,0.0,0,0,0,0,0.0,0.0,Pass,sample_data/subj01_timepoint01.mp4
78,0,2.5669999999999997,0.98,1,0.0,0.0,1.53,0.11,0.0,1.58,0.08,0.0,0.0,0.0,0.09,0.09,0.14,0.1,0.36,0.0,0.0,0.0,1.0,0.0,0.0,1.0,0.0,0.0,0.0,0.0,0.0,0.0,0.0,0.0,0.0,0.0,0.0,0.0,0.0,0.9800000000000001,0,0.255,0.0,0.2591666666666667,0.2591666666666667,0,0,0.2591666666666667,0.15466666666666667,0,0.0,0,0.7733333333333334,0.5183333333333333,0.11047619047619049,0,0,0,0,0,0,0,0,0,0,0,0,0,0,0,0.0,0,0,0,0,0.0,0.0,Pass,sample_data/subj01_timepoint01.mp4
79,0,2.6,0.98,1,0.0,0.0,1.55,0.0,0.0,1.63,0.06,0.0,0.0,0.0,0.07,0.06,0.12,0.08,0.36,0.0,0.0,0.0,1.0,0.0,0.0,1.0,0.0,0.0,0.0,0.0,0.0,0.0,0.0,0.0,0.0,0.0,0.0,0.0,0.0,0.9800000000000001,0,0.25833333333333336,0.0,0.26499999999999996,0.26499999999999996,0,0,0.26499999999999996,0.15766666666666668,0,0.0,0,0.7883333333333333,0.53,0.11261904761904762,0,0,0,0,0,0,0,0,0,0,0,0,0,0,0,0.0,0,0,0,0,0.0,0.0,Pass,sample_data/subj01_timepoint01.mp4
80,0,2.633,0.98,1,0.0,0.0,1.61,0.01,0.0,1.68,0.07,0.0,0.0,0.0,0.08,0.04,0.05,0.12,0.26,0.0,0.0,0.0,1.0,0.0,0.0,1.0,0.0,0.0,0.0,0.0,0.0,0.0,0.0,0.0,0.0,0.0,0.0,0.0,0.0,0.9800000000000001,0,0.26833333333333337,0.0,0.27416666666666667,0.27416666666666667,0,0,0.27416666666666667,0.16333333333333333,0,0.0,0,0.8166666666666667,0.5483333333333333,0.11666666666666667,0,0,0,0,0,0,0,0,0,0,0,0,0,0,0,0.0,0,0,0,0,0.0,0.0,Pass,sample_data/subj01_timepoint01.mp4
81,0,2.667,0.98,1,0.0,0.0,1.58,0.01,0.0,1.59,0.09,0.0,0.0,0.0,0.0,0.0,0.0,0.15,0.2,0.0,0.0,0.0,1.0,0.0,0.0,1.0,0.0,0.0,0.0,0.0,0.0,0.0,0.0,0.0,0.0,0.0,0.0,0.0,0.0,0.9800000000000001,0,0.26333333333333336,0.0,0.26416666666666666,0.26416666666666666,0,0,0.26416666666666666,0.15833333333333335,0,0.0,0,0.7916666666666667,0.5283333333333333,0.11309523809523811,0,0,0,0,0,0,0,0,0,0,0,0,0,0,0,0.0,0,0,0,0,0.0,0.0,Pass,sample_data/subj01_timepoint01.mp4
82,0,2.7,0.98,1,0.0,0.0,1.54,0.01,0.0,1.59,0.11,0.0,0.0,0.0,0.06,0.0,0.0,0.23,0.12,0.0,0.0,0.0,1.0,0.0,0.0,1.0,0.0,0.0,0.0,0.0,0.0,0.0,0.0,0.0,0.0,0.0,0.0,0.0,0.0,0.9800000000000001,0,0.25666666666666665,0.0,0.2608333333333333,0.2608333333333333,0,0,0.2608333333333333,0.15566666666666668,0,0.0,0,0.7783333333333333,0.5216666666666667,0.11119047619047619,0,0,0,0,0,0,0,0,0,0,0,0,0,0,0,0.0,0,0,0,0,0.0,0.0,Pass,sample_data/subj01_timepoint01.mp4
83,0,2.733,0.98,1,0.0,0.0,1.52,0.0,0.0,1.63,0.14,0.0,0.0,0.0,0.12,0.0,0.0,0.21,0.09,0.0,0.0,0.0,1.0,0.0,0.0,1.0,0.0,0.0,0.0,0.0,0.0,0.0,0.0,0.0,0.0,0.0,0.0,0.0,0.0,0.9800000000000001,0,0.25333333333333335,0.0,0.2625,0.2625,0,0,0.2625,0.15566666666666668,0,0.0,0,0.7783333333333333,0.525,0.11119047619047619,0,0,0,0,0,0,0,0,0,0,0,0,0,0,0,0.0,0,0,0,0,0.0,0.0,Pass,sample_data/subj01_timepoint01.mp4
84,0,2.767,0.98,1,0.0,0.0,1.5,0.0,0.0,1.69,0.1,0.0,0.0,0.0,0.14,0.0,0.0,0.17,0.08,0.0,0.0,0.0,1.0,0.0,0.0,1.0,0.0,0.0,0.0,0.0,0.0,0.0,0.0,0.0,0.0,0.0,0.0,0.0,0.0,0.9800000000000001,0,0.25,0.0,0.2658333333333333,0.2658333333333333,0,0,0.2658333333333333,0.15633333333333335,0,0.0,0,0.7816666666666667,0.5316666666666667,0.11166666666666668,0,0,0,0,0,0,0,0,0,0,0,0,0,0,0,0.0,0,0,0,0,0.0,0.0,Pass,sample_data/subj01_timepoint01.mp4
85,0,2.8,0.98,1,0.0,0.0,1.49,0.0,0.0,1.73,0.09,0.0,0.0,0.0,0.14,0.01,0.0,0.09,0.14,0.0,0.0,0.0,1.0,0.0,0.0,1.0,0.0,0.0,0.0,0.0,0.0,0.0,0.0,0.0,0.0,0.0,0.0,0.0,0.0,0.9800000000000001,0,0.24833333333333332,0.0,0.2683333333333333,0.2683333333333333,0,0,0.2683333333333333,0.15699999999999997,0,0.0,0,0.7849999999999999,0.5366666666666666,0.11214285714285713,0,0,0,0,0,0,0,0,0,0,0,0,0,0,0,0.0,0,0,0,0,0.0,0.0,Pass,sample_data/subj01_timepoint01.mp4
86,0,2.833,0.98,1,0.0,0.0,1.44,0.03,0.0,1.71,0.08,0.0,0.0,0.0,0.08,0.04,0.0,0.1,0.26,0.0,0.0,0.0,1.0,0.0,0.0,1.0,0.0,0.0,0.0,0.0,0.0,0.0,0.0,0.0,0.0,0.0,0.0,0.0,0.0,0.9800000000000001,0,0.24,0.0,0.2625,0.2625,0,0,0.2625,0.15299999999999997,0,0.0,0,0.7649999999999999,0.5249999999999999,0.10928571428571428,0,0,0,0,0,0,0,0,0,0,0,0,0,0,0,0.0,0,0,0,0,0.0,0.0,Pass,sample_data/subj01_timepoint01.mp4
87,0,2.867,0.98,1,0.0,0.0,1.45,0.11,0.0,1.78,0.1,0.0,0.0,0.0,0.08,0.09,0.0,0.14,0.37,0.0,0.0,0.0,1.0,0.0,0.0,1.0,0.0,0.0,0.0,0.0,0.0,0.0,0.0,0.0,0.0,0.0,0.0,0.0,0.0,0.9800000000000001,0,0.24166666666666667,0.0,0.26916666666666667,0.26916666666666667,0,0,0.26916666666666667,0.156,0,0.0,0,0.78,0.5383333333333333,0.11142857142857143,0,0,0,0,0,0,0,0,0,0,0,0,0,0,0,0.0,0,0,0,0,0.0,0.0,Pass,sample_data/subj01_timepoint01.mp4
88,0,2.9,0.98,1,0.0,0.0,1.47,0.11,0.0,1.72,0.08,0.0,0.0,0.0,0.06,0.12,0.0,0.17,0.35,0.0,0.0,0.0,1.0,0.0,0.0,0.0,0.0,0.0,0.0,0.0,0.0,0.0,0.0,0.0,0.0,0.0,0.0,0.0,0.0,0.9800000000000001,0,0.245,0.0,0.245,0.245,0,0,0.245,0.147,0,0.0,0,0.735,0.245,0.105,0,0,0,0,0,0,0,0,0,0,0,0,0,0,0,0.0,0,0,0,0,0.0,0.0,Pass,sample_data/subj01_timepoint01.mp4
89,0,2.9330000000000003,0.98,1,0.0,0.0,1.46,0.08,0.0,1.67,0.04,0.0,0.0,0.0,0.06,0.17,0.0,0.17,0.25,0.0,0.0,0.0,1.0,0.0,0.0,0.0,0.0,0.0,0.0,0.0,0.0,0.0,0.0,0.0,0.0,0.0,0.0,0.0,0.0,0.9800000000000001,0,0.24333333333333332,0.0,0.24333333333333332,0.24333333333333332,0,0,0.24333333333333332,0.146,0,0.0,0,0.73,0.24333333333333332,0.10428571428571429,0,0,0,0,0,0,0,0,0,0,0,0,0,0,0,0.0,0,0,0,0,0.0,0.0,Pass,sample_data/subj01_timepoint01.mp4
90,0,2.967,0.98,1,0.0,0.0,1.44,0.0,0.0,1.51,0.05,0.0,0.0,0.0,0.05,0.14,0.0,0.22,0.13,0.0,0.0,0.0,1.0,0.0,0.0,0.0,0.0,0.0,0.0,0.0,0.0,0.0,0.0,0.0,0.0,0.0,0.0,0.0,0.0,0.9800000000000001,0,0.24,0.0,0.24,0.24,0,0,0.24,0.144,0,0.0,0,0.72,0.24,0.10285714285714286,0,0,0,0,0,0,0,0,0,0,0,0,0,0,0,0.0,0,0,0,0,0.0,0.0,Pass,sample_data/subj01_timepoint01.mp4
91,0,3.0,0.98,1,0.0,0.04,1.45,0.0,0.0,1.58,0.06,0.0,0.0,0.0,0.01,0.18,0.0,0.19,0.06,0.0,0.0,0.0,1.0,0.0,0.0,0.0,0.0,0.0,0.0,0.0,0.0,0.0,0.0,0.0,0.0,0.0,0.0,0.0,0.0,0.9800000000000001,0,0.24166666666666667,0.0,0.24166666666666667,0.24166666666666667,0,0,0.24166666666666667,0.145,0,0.0,0,0.725,0.24166666666666667,0.10357142857142856,0,0,0,0,0,0,0,0,0,0,0,0,0,0,0,0.0,0,0,0,0,0.0,0.0,Pass,sample_data/subj01_timepoint01.mp4
92,0,3.033,0.98,1,0.0,0.04,1.51,0.0,0.0,1.65,0.03,0.0,0.0,0.0,0.01,0.26,0.0,0.14,0.03,0.0,0.0,0.0,1.0,0.0,0.0,0.0,0.0,0.0,0.0,0.0,0.0,0.0,0.0,0.0,0.0,0.0,0.0,0.0,0.01,0.9800000000000001,0,0.25166666666666665,0.0,0.25166666666666665,0.25166666666666665,0,0,0.25166666666666665,0.15099999999999997,0,0.0,0,0.7549999999999999,0.25166666666666665,0.10785714285714285,0,0,0,0,0,0,0,0,0,0,0,0,0,0,0,0.0,0,0,0,0,0.0,0.0,Pass,sample_data/subj01_timepoint01.mp4
93,0,3.0669999999999997,0.98,1,0.0,0.11,1.52,0.0,0.0,1.74,0.02,0.0,0.0,0.0,0.0,0.31,0.0,0.03,0.0,0.0,0.0,0.0,1.0,0.0,0.0,0.0,0.0,0.0,0.0,0.0,0.0,0.0,0.0,0.0,0.0,0.0,0.0,0.0,0.01,0.9800000000000001,0,0.25333333333333335,0.0,0.25333333333333335,0.25333333333333335,0,0,0.25333333333333335,0.152,0,0.0,0,0.76,0.25333333333333335,0.10857142857142857,0,0,0,0,0,0,0,0,0,0,0,0,0,0,0,0.0,0,0,0,0,0.0,0.0,Pass,sample_data/subj01_timepoint01.mp4
94,0,3.1,0.98,1,0.0,0.07,1.46,0.02,0.0,1.78,0.02,0.0,0.0,0.0,0.0,0.26,0.0,0.09,0.0,0.0,0.0,0.0,1.0,0.0,0.0,1.0,0.0,0.0,0.0,0.0,0.0,0.0,0.0,0.0,0.0,0.0,0.0,0.0,0.01,0.9800000000000001,0,0.24333333333333332,0.0,0.27,0.27,0,0,0.27,0.15666666666666668,0,0.0,0,0.7833333333333333,0.54,0.11190476190476191,0,0,0,0,0,0,0,0,0,0,0,0,0,0,0,0.0,0,0,0,0,0.0,0.0,Pass,sample_data/subj01_timepoint01.mp4
95,0,3.133,0.98,1,0.0,0.07,1.44,0.02,0.0,1.84,0.02,0.0,0.0,0.0,0.0,0.13,0.0,0.13,0.0,0.0,0.0,0.0,1.0,0.0,0.0,1.0,0.0,0.0,0.0,0.0,0.0,0.0,0.0,0.0,0.0,0.0,0.0,0.0,0.0,0.9800000000000001,0,0.24,0.0,0.2733333333333334,0.2733333333333334,0,0,0.2733333333333334,0.15733333333333338,0,0.0,0,0.7866666666666668,0.5466666666666666,0.1123809523809524,0,0,0,0,0,0,0,0,0,0,0,0,0,0,0,0.0,0,0,0,0,0.0,0.0,Pass,sample_data/subj01_timepoint01.mp4
96,0,3.167,0.98,1,0.0,0.04,1.52,0.02,0.0,1.84,0.01,0.0,0.0,0.0,0.0,0.14,0.0,0.2,0.0,0.0,0.0,0.0,1.0,0.0,0.0,1.0,0.0,0.0,0.0,0.0,0.0,0.0,0.0,0.0,0.0,0.0,0.0,0.0,0.0,0.9800000000000001,0,0.25333333333333335,0.0,0.28,0.28,0,0,0.28,0.16266666666666668,0,0.0,0,0.8133333333333335,0.56,0.1161904761904762,0,0,0,0,0,0,0,0,0,0,0,0,0,0,0,0.0,0,0,0,0,0.0,0.0,Pass,sample_data/subj01_timepoint01.mp4
97,0,3.2,0.98,1,0.0,0.04,1.61,0.0,0.0,1.87,0.0,0.0,0.0,0.0,0.03,0.11,0.0,0.18,0.0,0.0,0.0,0.0,1.0,0.0,0.0,1.0,0.0,0.0,0.0,0.0,0.0,0.0,0.0,0.0,0.0,0.0,0.0,0.0,0.0,0.9800000000000001,0,0.26833333333333337,0.0,0.29000000000000004,0.29000000000000004,0,0,0.29000000000000004,0.1696666666666667,0,0.0,0,0.8483333333333334,0.5800000000000001,0.1211904761904762,0,0,0,0,0,0,0,0,0,0,0,0,0,0,0,0.0,0,0,0,0,0.0,0.0,Pass,sample_data/subj01_timepoint01.mp4
98,0,3.233,0.98,1,0.0,0.04,1.65,0.0,0.0,1.72,0.0,0.0,0.0,0.0,0.05,0.09,0.0,0.21,0.01,0.0,0.0,0.0,1.0,0.0,0.0,1.0,0.0,0.0,0.0,0.0,0.0,0.0,0.0,0.0,0.0,0.0,0.0,0.0,0.0,0.9800000000000001,0,0.27499999999999997,0.0,0.2808333333333333,0.2808333333333333,0,0,0.2808333333333333,0.16733333333333333,0,0.0,0,0.8366666666666667,0.5616666666666666,0.11952380952380952,0,0,0,0,0,0,0,0,0,0,0,0,0,0,0,0.0,0,0,0,0,0.0,0.0,Pass,sample_data/subj01_timepoint01.mp4
99,0,3.267,0.98,1,0.0,0.0,1.59,0.0,0.0,1.7,0.0,0.0,0.0,0.0,0.11,0.01,0.02,0.23,0.01,0.0,0.0,0.0,1.0,0.0,0.0,1.0,0.0,0.0,0.0,0.0,0.0,0.0,0.0,0.0,0.0,0.0,0.0,0.0,0.0,0.9800000000000001,0,0.265,0.0,0.27416666666666667,0.27416666666666667,0,0,0.27416666666666667,0.16266666666666668,0,0.0,0,0.8133333333333334,0.5483333333333333,0.11619047619047619,0,0,0,0,0,0,0,0,0,0,0,0,0,0,0,0.0,0,0,0,0,0.0,0.0,Pass,sample_data/subj01_timepoint01.mp4
100,0,3.3,0.98,1,0.0,0.0,1.5,0.0,0.0,1.55,0.0,0.0,0.0,0.0,0.15,0.03,0.02,0.25,0.01,0.0,0.0,0.0,1.0,0.0,0.0,1.0,0.0,0.0,0.0,0.0,0.0,0.0,0.0,0.0,0.0,0.0,0.0,0.0,0.0,0.9800000000000001,0,0.25,0.0,0.25416666666666665,0.25416666666666665,0,0,0.25416666666666665,0.15166666666666667,0,0.0,0,0.7583333333333333,0.5083333333333333,0.10833333333333332,0,0,0,0,0,0,0,0,0,0,0,0,0,0,0,0.0,0,0,0,0,0.0,0.0,Pass,sample_data/subj01_timepoint01.mp4
101,0,3.333,0.98,1,0.0,0.0,1.34,0.0,0.0,1.37,0.0,0.0,0.0,0.0,0.13,0.05,0.01,0.19,0.0,0.0,0.0,0.0,1.0,0.0,0.0,1.0,0.0,0.0,0.0,0.0,0.0,0.0,0.0,0.0,0.0,0.0,0.0,0.0,0.0,0.9800000000000001,0,0.22333333333333336,0.0,0.22583333333333333,0.22583333333333333,0,0,0.22583333333333333,0.135,0,0.0,0,0.675,0.4516666666666667,0.09642857142857143,0,0,0,0,0,0,0,0,0,0,0,0,0,0,0,0.0,0,0,0,0,0.0,0.0,Pass,sample_data/subj01_timepoint01.mp4
102,0,3.367,0.98,1,0.0,0.0,1.35,0.0,0.0,1.21,0.01,0.0,0.0,0.0,0.11,0.05,0.01,0.14,0.0,0.0,0.0,0.0,1.0,0.0,0.0,1.0,0.0,0.0,0.0,0.0,0.0,0.0,0.0,0.0,0.0,0.0,0.0,0.0,0.0,0.9800000000000001,0,0.225,0.0,0.21333333333333335,0.21333333333333335,0,0,0.21333333333333335,0.13033333333333336,0,0.0,0,0.6516666666666667,0.42666666666666664,0.0930952380952381,0,0,0,0,0,0,0,0,0,0,0,0,0,0,0,0.0,0,0,0,0,0.0,0.0,Pass,sample_data/subj01_timepoint01.mp4
103,0,3.4,0.98,1,0.0,0.0,1.41,0.0,0.0,1.14,0.01,0.0,0.0,0.0,0.04,0.06,0.01,0.09,0.0,0.0,0.0,0.0,1.0,0.0,0.0,1.0,0.0,0.0,0.0,0.0,0.0,0.0,0.0,0.0,0.0,0.0,0.0,0.0,0.0,0.9800000000000001,0,0.235,0.0,0.2125,0.2125,0,0,0.2125,0.132,0,0.0,0,0.66,0.42499999999999993,0.09428571428571429,0,0,0,0,0,0,0,0,0,0,0,0,0,0,0,0.0,0,0,0,0,0.0,0.0,Pass,sample_data/subj01_timepoint01.mp4
104,0,3.4330000000000003,0.98,1,0.0,0.03,1.57,0.0,0.0,1.17,0.01,0.0,0.0,0.0,0.1,0.12,0.07,0.06,0.01,0.0,0.0,0.0,1.0,0.0,0.0,1.0,0.0,0.0,0.0,0.0,0.0,0.0,0.0,0.0,0.0,0.0,0.0,0.0,0.0,0.9800000000000001,0,0.26166666666666666,0.0,0.22833333333333336,0.22833333333333336,0,0,0.22833333333333336,0.14366666666666666,0,0.0,0,0.7183333333333334,0.45666666666666667,0.10261904761904762,0,0,0,0,0,0,0,0,0,0,0,0,0,0,0,0.0,0,0,0,0,0.0,0.0,Pass,sample_data/subj01_timepoint01.mp4
105,0,3.467,0.98,1,0.0,0.03,1.69,0.0,0.0,1.19,0.0,0.0,0.0,0.0,0.09,0.2,0.06,0.07,0.05,0.0,0.0,0.0,1.0,0.0,0.0,1.0,0.0,0.0,0.0,0.0,0.0,0.0,0.0,0.0,0.0,0.0,0.0,0.0,0.0,0.9800000000000001,0,0.2816666666666667,0.0,0.24,0.24,0,0,0.24,0.15233333333333335,0,0.0,0,0.7616666666666667,0.48,0.10880952380952381,0,0,0,0,0,0,0,0,0,0,0,0,0,0,0,0.0,0,0,0,0,0.0,0.0,Pass,sample_data/subj01_timepoint01.mp4
106,0,3.5,0.98,1,0.0,0.03,1.7,0.0,0.0,1.24,0.0,0.0,0.0,0.0,0.09,0.24,0.06,0.05,0.05,0.0,0.0,0.0,1.0,0.0,0.0,1.0,0.0,0.0,0.0,0.0,0.0,0.0,0.0,0.0,0.0,0.0,0.0,0.0,0.02,0.9800000000000001,0,0.2833333333333333,0.0,0.245,0.245,0,0,0.245,0.15466666666666667,0,0.0,0,0.7733333333333333,0.49,0.11047619047619048,0,0,0,0,0,0,0,0,0,0,0,0,0,0,0,0.0,0,0,0,0,0.0,0.0,Pass,sample_data/subj01_timepoint01.mp4
107,0,3.533,0.98,1,0.0,0.0,1.65,0.0,0.0,1.28,0.0,0.0,0.0,0.0,0.05,0.26,0.0,0.08,0.1,0.0,0.0,0.0,1.0,0.0,0.0,1.0,0.0,0.0,0.0,0.0,0.0,0.0,0.0,0.0,0.0,0.0,0.0,0.0,0.04,0.9800000000000001,0,0.27499999999999997,0.0,0.24416666666666664,0.24416666666666664,0,0,0.24416666666666664,0.15266666666666664,0,0.0,0,0.7633333333333332,0.4883333333333333,0.10904761904761903,0,0,0,0,0,0,0,0,0,0,0,0,0,0,0,0.0,0,0,0,0,0.0,0.0,Pass,sample_data/subj01_timepoint01.mp4
108,0,3.5669999999999997,0.98,1,0.0,0.0,1.53,0.0,0.0,1.3,0.0,0.0,0.0,0.0,0.12,0.3,0.01,0.07,0.15,0.0,0.0,0.0,1.0,0.0,0.0,1.0,0.0,0.0,0.0,0.0,0.0,0.0,0.0,0.0,0.0,0.0,0.0,0.0,0.04,0.9800000000000001,0,0.255,0.0,0.23583333333333334,0.23583333333333334,0,0,0.23583333333333334,0.14533333333333334,0,0.0,0,0.7266666666666667,0.4716666666666667,0.10380952380952381,0,0,0,0,0,0,0,0,0,0,0,0,0,0,0,0.0,0,0,0,0,0.0,0.0,Pass,sample_data/subj01_timepoint01.mp4
109,0,3.6,0.98,1,0.0,0.0,1.5,0.0,0.0,1.39,0.0,0.0,0.0,0.0,0.11,0.33,0.01,0.1,0.15,0.01,0.0,0.0,1.0,0.0,0.0,1.0,0.0,0.0,0.0,0.0,0.0,0.0,0.0,0.0,0.0,0.0,0.0,0.0,0.04,0.9800000000000001,0,0.25,0.0,0.24083333333333332,0.24083333333333332,0,0,0.24083333333333332,0.14633333333333334,0,0.0,0,0.7316666666666667,0.4816666666666667,0.10452380952380953,0,0,0,0,0,0,0,0,0,0,0,0,0,0,0,0.0,0,0,0,0,0.0,0.0,Pass,sample_data/subj01_timepoint01.mp4
110,0,3.633,0.98,1,0.0,0.0,1.47,0.0,0.0,1.49,0.0,0.0,0.0,0.0,0.1,0.29,0.01,0.08,0.09,0.02,0.0,0.0,1.0,0.0,0.0,1.0,0.0,0.0,0.0,0.0,0.0,0.0,0.0,0.0,0.0,0.0,0.0,0.0,0.04,0.9800000000000001,0,0.245,0.0,0.24666666666666667,0.24666666666666667,0,0,0.24666666666666667,0.14766666666666667,0,0.0,0,0.7383333333333334,0.4933333333333333,0.10547619047619049,0,0,0,0,0,0,0,0,0,0,0,0,0,0,0,0.0,0,0,0,0,0.0,0.0,Pass,sample_data/subj01_timepoint01.mp4
111,0,3.667,0.98,1,0.0,0.0,1.45,0.0,0.0,1.52,0.0,0.0,0.0,0.0,0.0,0.25,0.0,0.07,0.0,0.08,0.0,0.0,1.0,0.0,0.0,1.0,0.0,0.0,0.0,0.0,0.0,0.0,0.0,0.0,0.0,0.0,0.0,0.0,0.03,0.9800000000000001,0,0.24166666666666667,0.0,0.24749999999999997,0.24749999999999997,0,0,0.24749999999999997,0.14733333333333332,0,0.0,0,0.7366666666666666,0.495,0.10523809523809523,0,0,0,0,0,0,0,0,0,0,0,0,0,0,0,0.0,0,0,0,0,0.0,0.0,Pass,sample_data/subj01_timepoint01.mp4
112,0,3.7,0.98,1,0.0,0.0,1.44,0.0,0.0,1.45,0.0,0.0,0.0,0.0,0.0,0.22,0.0,0.05,0.03,0.08,0.0,0.0,1.0,0.0,0.0,1.0,0.0,0.0,0.0,0.0,0.0,0.0,0.0,0.0,0.0,0.0,0.0,0.0,0.01,0.9800000000000001,0,0.24,0.0,0.24083333333333332,0.24083333333333332,0,0,0.24083333333333332,0.14433333333333334,0,0.0,0,0.7216666666666667,0.4816666666666667,0.1030952380952381,0,0,0,0,0,0,0,0,0,0,0,0,0,0,0,0.0,0,0,0,0,0.0,0.0,Pass,sample_data/subj01_timepoint01.mp4
113,0,3.733,0.98,1,0.0,0.0,1.43,0.0,0.0,1.41,0.0,0.0,0.0,0.0,0.0,0.16,0.0,0.03,0.09,0.06,0.0,0.0,1.0,0.0,0.0,1.0,0.0,0.0,0.0,0.0,0.0,0.0,0.0,0.0,0.0,0.0,0.0,0.0,0.0,0.9800000000000001,0,0.2383333333333333,0.0,0.23666666666666666,0.23666666666666666,0,0,0.23666666666666666,0.14233333333333334,0,0.0,0,0.7116666666666667,0.4733333333333333,0.10166666666666667,0,0,0,0,0,0,0,0,0,0,0,0,0,0,0,0.0,0,0,0,0,0.0,0.0,Pass,sample_data/subj01_timepoint01.mp4
114,0,3.767,0.98,1,0.0,0.0,1.34,0.0,0.0,1.49,0.0,0.0,0.0,0.0,0.02,0.11,0.0,0.02,0.09,0.0,0.0,0.0,1.0,0.0,0.0,1.0,0.0,0.0,0.0,0.0,0.0,0.0,0.0,0.0,0.0,0.0,0.0,0.0,0.0,0.9800000000000001,0,0.22333333333333336,0.0,0.23583333333333334,0.23583333333333334,0,0,0.23583333333333334,0.139,0,0.0,0,0.6950000000000001,0.4716666666666667,0.0992857142857143,0,0,0,0,0,0,0,0,0,0,0,0,0,0,0,0.0,0,0,0,0,0.0,0.0,Pass,sample_data/subj01_timepoint01.mp4
115,0,3.8,0.98,1,0.0,0.0,1.37,0.0,0.0,1.61,0.0,0.0,0.0,0.0,0.05,0.07,0.0,0.0,0.05,0.0,0.0,0.0,1.0,0.0,0.0,1.0,0.0,0.0,0.0,0.0,0.0,0.0,0.0,0.0,0.0,0.0,0.0,0.0,0.01,0.9800000000000001,0,0.22833333333333336,0.0,0.24833333333333338,0.24833333333333338,0,0,0.24833333333333338,0.14500000000000002,0,0.0,0,0.7250000000000001,0.4966666666666667,0.10357142857142858,0,0,0,0,0,0,0,0,0,0,0,0,0,0,0,0.0,0,0,0,0,0.0,0.0,Pass,sample_data/subj01_timepoint01.mp4
116,0,3.833,0.98,1,0.0,0.0,1.44,0.0,0.0,1.72,0.0,0.0,0.0,0.0,0.08,0.17,0.0,0.0,0.0,0.03,0.0,0.0,1.0,0.0,0.0,1.0,0.0,0.0,0.0,0.0,0.0,0.0,0.0,0.0,0.0,0.0,0.0,0.0,0.01,0.9800000000000001,0,0.24,0.0,0.26333333333333336,0.26333333333333336,0,0,0.26333333333333336,0.15333333333333338,0,0.0,0,0.7666666666666668,0.5266666666666666,0.10952380952380955,0,0,0,0,0,0,0,0,0,0,0,0,0,0,0,0.0,0,0,0,0,0.0,0.0,Pass,sample_data/subj01_timepoint01.mp4
117,0,3.867,0.98,1,0.0,0.0,1.6,0.0,0.0,1.75,0.0,0.0,0.0,0.0,0.07,0.15,0.0,0.0,0.0,0.03,0.0,0.0,1.0,0.0,0.0,1.0,0.0,0.0,0.0,0.0,0.0,0.0,0.0,0.0,0.0,0.0,0.0,0.0,0.02,0.9800000000000001,0,0.26666666666666666,0.0,0.2791666666666667,0.2791666666666667,0,0,0.2791666666666667,0.165,0,0.0,0,0.8250000000000001,0.5583333333333333,0.11785714285714287,0,0,0,0,0,0,0,0,0,0,0,0,0,0,0,0.0,0,0,0,0,0.0,0.0,Pass,sample_data/subj01_timepoint01.mp4
118,0,3.9,0.98,1,0.0,0.0,1.59,0.0,0.0,1.82,0.0,0.0,0.0,0.0,0.09,0.19,0.0,0.0,0.0,0.07,0.0,0.0,1.0,0.0,0.0,1.0,0.0,0.0,0.0,0.0,0.0,0.0,0.0,0.0,0.0,0.0,0.0,0.0,0.0,0.9800000000000001,0,0.265,0.0,0.2841666666666667,0.2841666666666667,0,0,0.2841666666666667,0.16666666666666669,0,0.0,0,0.8333333333333334,0.5683333333333334,0.11904761904761905,0,0,0,0,0,0,0,0,0,0,0,0,0,0,0,0.0,0,0,0,0,0.0,0.0,Pass,sample_data/subj01_timepoint01.mp4
119,0,3.9330000000000003,0.98,1,0.0,0.0,1.51,0.0,0.0,1.87,0.01,0.0,0.0,0.0,0.11,0.12,0.0,0.0,0.03,0.08,0.0,0.0,1.0,0.0,0.0,1.0,0.0,0.0,0.0,0.0,0.0,0.0,0.0,0.0,0.0,0.0,0.0,0.0,0.02,0.9800000000000001,0,0.25166666666666665,0.0,0.2816666666666667,0.2816666666666667,0,0,0.2816666666666667,0.16299999999999998,0,0.0,0,0.815,0.5633333333333334,0.11642857142857142,0,0,0,0,0,0,0,0,0,0,0,0,0,0,0,0.0,0,0,0,0,0.0,0.0,Pass,sample_data/subj01_timepoint01.mp4
120,0,3.967,0.98,1,0.0,0.0,1.43,0.0,0.0,1.89,0.01,0.0,0.0,0.0,0.16,0.16,0.0,0.0,0.04,0.1,0.0,0.0,1.0,0.0,0.0,1.0,0.0,0.0,0.0,0.0,0.0,0.0,0.0,0.0,0.0,0.0,0.0,0.0,0.05,0.9800000000000001,0,0.2383333333333333,0.0,0.27666666666666667,0.27666666666666667,0,0,0.27666666666666667,0.15833333333333335,0,0.0,0,0.7916666666666667,0.5533333333333333,0.11309523809523811,0,0,0,0,0,0,0,0,0,0,0,0,0,0,0,0.0,0,0,0,0,0.0,0.0,Pass,sample_data/subj01_timepoint01.mp4
121,0,4.0,0.98,1,0.0,0.0,1.44,0.0,0.0,1.78,0.01,0.0,0.0,0.0,0.1,0.08,0.0,0.03,0.07,0.05,0.0,0.0,1.0,0.0,0.0,1.0,0.0,0.0,0.0,0.0,0.0,0.0,0.0,0.0,0.0,0.0,0.0,0.0,0.06,0.9800000000000001,0,0.24,0.0,0.2683333333333333,0.2683333333333333,0,0,0.2683333333333333,0.15533333333333332,0,0.0,0,0.7766666666666666,0.5366666666666666,0.11095238095238094,0,0,0,0,0,0,0,0,0,0,0,0,0,0,0,0.0,0,0,0,0,0.0,0.0,Pass,sample_data/subj01_timepoint01.mp4
122,0,4.033,0.98,1,0.0,0.0,1.47,0.0,0.0,1.67,0.0,0.0,0.0,0.0,0.07,0.14,0.0,0.03,0.11,0.01,0.0,0.0,1.0,0.0,0.0,1.0,0.0,0.0,0.0,0.0,0.0,0.0,0.0,0.0,0.0,0.0,0.0,0.0,0.06,0.9800000000000001,0,0.245,0.0,0.26166666666666666,0.26166666666666666,0,0,0.26166666666666666,0.15366666666666667,0,0.0,0,0.7683333333333333,0.5233333333333333,0.10976190476190475,0,0,0,0,0,0,0,0,0,0,0,0,0,0,0,0.0,0,0,0,0,0.0,0.0,Pass,sample_data/subj01_timepoint01.mp4
123,0,4.067,0.98,1,0.0,0.0,1.41,0.0,0.0,1.59,0.0,0.0,0.0,0.0,0.02,0.15,0.06,0.07,0.14,0.0,0.0,0.0,1.0,0.0,0.0,1.0,0.0,0.0,0.0,0.0,0.0,0.0,0.0,0.0,0.0,0.0,0.0,0.0,0.06,0.9800000000000001,0,0.235,0.0,0.25,0.25,0,0,0.25,0.147,0,0.0,0,0.735,0.5,0.105,0,0,0,0,0,0,0,0,0,0,0,0,0,0,0,0.0,0,0,0,0,0.0,0.0,Pass,sample_data/subj01_timepoint01.mp4
124,0,4.1,0.98,1,0.0,0.01,1.38,0.02,0.0,1.45,0.0,0.0,0.0,0.0,0.08,0.29,0.06,0.11,0.15,0.0,0.0,0.0,1.0,0.0,0.0,1.0,0.0,0.0,0.0,0.0,0.0,0.0,0.0,0.0,0.0,0.0,0.0,0.0,0.08,0.9800000000000001,0,0.22999999999999998,0.0,0.23583333333333334,0.23583333333333334,0,0,0.23583333333333334,0.14033333333333334,0,0.0,0,0.7016666666666667,0.4716666666666667,0.10023809523809524,0,0,0,0,0,0,0,0,0,0,0,0,0,0,0,0.0,0,0,0,0,0.0,0.0,Pass,sample_data/subj01_timepoint01.mp4
125,0,4.133,0.98,1,0.0,0.01,1.4,0.02,0.0,1.52,0.01,0.0,0.0,0.0,0.11,0.29,0.06,0.17,0.16,0.0,0.0,0.0,1.0,0.0,0.0,1.0,0.0,0.0,0.0,0.0,0.0,0.0,0.0,0.0,0.0,0.0,0.0,0.0,0.06,0.9800000000000001,0,0.2333333333333333,0.0,0.24333333333333332,0.24333333333333332,0,0,0.24333333333333332,0.144,0,0.0,0,0.72,0.4866666666666667,0.10285714285714286,0,0,0,0,0,0,0,0,0,0,0,0,0,0,0,0.0,0,0,0,0,0.0,0.0,Pass,sample_data/subj01_timepoint01.mp4
126,0,4.167,0.98,1,0.0,0.01,1.51,0.02,0.0,1.61,0.06,0.0,0.0,0.0,0.18,0.3,0.03,0.16,0.15,0.0,0.0,0.0,1.0,0.0,0.0,1.0,0.0,0.0,0.0,0.0,0.0,0.0,0.0,0.0,0.0,0.0,0.0,0.0,0.04,0.9800000000000001,0,0.25166666666666665,0.0,0.26,0.26,0,0,0.26,0.15433333333333335,0,0.0,0,0.7716666666666667,0.52,0.11023809523809525,0,0,0,0,0,0,0,0,0,0,0,0,0,0,0,0.0,0,0,0,0,0.0,0.0,Pass,sample_data/subj01_timepoint01.mp4
127,0,4.2,0.98,1,0.0,0.0,1.56,0.0,0.0,1.72,0.09,0.0,0.0,0.0,0.2,0.24,0.03,0.09,0.11,0.0,0.0,0.0,1.0,0.0,0.0,1.0,0.0,0.0,0.0,0.0,0.0,0.0,0.0,0.0,0.0,0.0,0.0,0.0,0.01,0.9800000000000001,0,0.26,0.0,0.2733333333333334,0.2733333333333334,0,0,0.2733333333333334,0.16133333333333338,0,0.0,0,0.8066666666666669,0.5466666666666666,0.11523809523809526,0,0,0,0,0,0,0,0,0,0,0,0,0,0,0,0.0,0,0,0,0,0.0,0.0,Pass,sample_data/subj01_timepoint01.mp4
128,0,4.2330000000000005,0.98,1,0.0,0.02,1.63,0.0,0.0,1.61,0.08,0.0,0.0,0.0,0.15,0.24,0.03,0.02,0.03,0.0,0.0,0.0,1.0,0.0,0.0,1.0,0.0,0.0,0.0,0.0,0.0,0.0,0.0,0.0,0.0,0.0,0.0,0.0,0.0,0.9800000000000001,0,0.27166666666666667,0.0,0.27,0.27,0,0,0.27,0.16233333333333336,0,0.0,0,0.8116666666666668,0.54,0.11595238095238096,0,0,0,0,0,0,0,0,0,0,0,0,0,0,0,0.0,0,0,0,0,0.0,0.0,Pass,sample_data/subj01_timepoint01.mp4
129,0,4.2669999999999995,0.98,1,0.0,0.02,1.65,0.0,0.0,1.46,0.03,0.0,0.0,0.0,0.09,0.22,0.0,0.0,0.0,0.0,0.0,0.0,1.0,0.0,0.0,1.0,0.0,0.0,0.0,0.0,0.0,0.0,0.0,0.0,0.0,0.0,0.0,0.0,0.03,0.9800000000000001,0,0.27499999999999997,0.0,0.25916666666666666,0.25916666666666666,0,0,0.25916666666666666,0.15866666666666668,0,0.0,0,0.7933333333333333,0.5183333333333333,0.11333333333333333,0,0,0,0,0,0,0,0,0,0,0,0,0,0,0,0.0,0,0,0,0,0.0,0.0,Pass,sample_data/subj01_timepoint01.mp4
130,0,4.3,0.98,1,0.0,0.02,1.67,0.0,0.0,1.56,0.0,0.0,0.0,0.0,0.12,0.27,0.0,0.0,0.0,0.0,0.0,0.0,1.0,0.0,0.0,1.0,0.0,0.0,0.0,0.0,0.0,0.0,0.0,0.0,0.0,0.0,0.0,0.0,0.05,0.9800000000000001,0,0.2783333333333333,0.0,0.26916666666666667,0.26916666666666667,0,0,0.26916666666666667,0.16333333333333333,0,0.0,0,0.8166666666666667,0.5383333333333333,0.11666666666666667,0,0,0,0,0,0,0,0,0,0,0,0,0,0,0,0.0,0,0,0,0,0.0,0.0,Pass,sample_data/subj01_timepoint01.mp4
131,0,4.333,0.98,1,0.0,0.0,1.61,0.0,0.0,1.5,0.0,0.0,0.0,0.0,0.17,0.35,0.06,0.0,0.08,0.0,0.0,0.0,1.0,0.0,0.0,1.0,0.0,0.0,0.0,0.0,0.0,0.0,0.0,0.0,0.0,0.0,0.0,0.0,0.11,0.9800000000000001,0,0.26833333333333337,0.0,0.2591666666666667,0.2591666666666667,0,0,0.2591666666666667,0.15733333333333338,0,0.0,0,0.7866666666666668,0.5183333333333333,0.1123809523809524,0,0,0,0,0,0,0,0,0,0,0,0,0,0,0,0.0,0,0,0,0,0.0,0.0,Pass,sample_data/subj01_timepoint01.mp4
132,0,4.367,0.98,1,0.0,0.0,1.59,0.0,0.0,1.54,0.0,0.0,0.0,0.0,0.26,0.46,0.08,0.0,0.1,0.08,0.0,0.0,1.0,0.0,0.0,1.0,0.0,0.0,0.0,0.0,0.0,0.0,0.0,0.0,0.0,0.0,0.0,0.0,0.08,0.9800000000000001,0,0.265,0.0,0.2608333333333333,0.2608333333333333,0,0,0.2608333333333333,0.15733333333333333,0,0.0,0,0.7866666666666666,0.5216666666666667,0.11238095238095237,0,0,0,0,0,0,0,0,0,0,0,0,0,0,0,0.0,0,0,0,0,0.0,0.0,Pass,sample_data/subj01_timepoint01.mp4
133,0,4.4,0.98,1,0.0,0.0,1.59,0.0,0.0,1.44,0.0,0.0,0.0,0.0,0.14,0.46,0.08,0.0,0.1,0.1,0.0,0.0,1.0,0.0,0.0,1.0,0.0,0.0,0.0,0.0,0.0,0.0,0.0,0.0,0.0,0.0,0.0,0.0,0.07,0.9800000000000001,0,0.265,0.0,0.2525,0.2525,0,0,0.2525,0.154,0,0.0,0,0.77,0.505,0.11,0,0,0,0,0,0,0,0,0,0,0,0,0,0,0,0.0,0,0,0,0,0.0,0.0,Pass,sample_data/subj01_timepoint01.mp4
134,0,4.433,0.98,1,0.0,0.0,1.72,0.0,0.0,1.62,0.0,0.0,0.0,0.0,0.1,0.43,0.02,0.0,0.04,0.1,0.0,0.0,1.0,0.0,0.0,1.0,0.0,0.0,0.0,0.0,0.0,0.0,0.0,0.0,0.0,0.0,0.0,0.0,0.08,0.9800000000000001,0,0.2866666666666667,0.0,0.2783333333333333,0.2783333333333333,0,0,0.2783333333333333,0.16866666666666666,0,0.0,0,0.8433333333333333,0.5566666666666666,0.12047619047619047,0,0,0,0,0,0,0,0,0,0,0,0,0,0,0,0.0,0,0,0,0,0.0,0.0,Pass,sample_data/subj01_timepoint01.mp4
135,0,4.467,0.98,1,0.0,0.0,1.69,0.0,0.0,1.61,0.0,0.0,0.0,0.0,0.0,0.36,0.0,0.0,0.02,0.02,0.0,0.0,1.0,0.0,0.0,1.0,0.0,0.0,0.0,0.0,0.0,0.0,0.0,0.0,0.0,0.0,0.0,0.0,0.08,0.9800000000000001,0,0.2816666666666667,0.0,0.27499999999999997,0.27499999999999997,0,0,0.27499999999999997,0.1663333333333333,0,0.0,0,0.8316666666666666,0.55,0.1188095238095238,0,0,0,0,0,0,0,0,0,0,0,0,0,0,0,0.0,0,0,0,0,0.0,0.0,Pass,sample_data/subj01_timepoint01.mp4
136,0,4.5,0.98,1,0.0,0.0,1.72,0.0,0.0,1.79,0.0,0.0,0.0,0.0,0.0,0.35,0.0,0.0,0.02,0.09,0.0,0.0,1.0,0.0,0.0,1.0,0.0,0.0,0.0,0.0,0.0,0.0,0.0,0.0,0.0,0.0,0.0,0.0,0.07,0.9800000000000001,0,0.2866666666666667,0.0,0.2925,0.2925,0,0,0.2925,0.1743333333333333,0,0.0,0,0.8716666666666666,0.585,0.12452380952380951,0,0,0,0,0,0,0,0,0,0,0,0,0,0,0,0.0,0,0,0,0,0.0,0.0,Pass,sample_data/subj01_timepoint01.mp4
137,0,4.533,0.98,1,0.0,0.0,1.61,0.09,0.0,1.76,0.0,0.0,0.0,0.0,0.0,0.25,0.0,0.0,0.0,0.11,0.0,0.0,1.0,0.0,0.0,1.0,0.0,0.0,0.0,0.0,0.0,0.0,0.0,0.0,0.0,0.0,0.0,0.0,0.07,0.9800000000000001,0,0.26833333333333337,0.0,0.2808333333333333,0.2808333333333333,0,0,0.2808333333333333,0.166,0,0.0,0,0.8300000000000001,0.5616666666666668,0.11857142857142858,0,0,0,0,0,0,0,0,0,0,0,0,0,0,0,0.0,0,0,0,0,0.0,0.0,Pass,sample_data/subj01_timepoint01.mp4
138,0,4.567,0.98,1,0.0,0.05,1.7,0.09,0.0,1.83,0.0,0.0,0.0,0.0,0.0,0.23,0.0,0.0,0.0,0.11,0.0,0.0,1.0,0.0,0.0,1.0,0.0,0.0,0.0,0.0,0.0,0.0,0.0,0.0,0.0,0.0,0.0,0.0,0.13,0.9800000000000001,0,0.2833333333333333,0.0,0.2941666666666667,0.2941666666666667,0,0,0.2941666666666667,0.17433333333333334,0,0.0,0,0.8716666666666667,0.5883333333333334,0.12452380952380952,0,0,0,0,0,0,0,0,0,0,0,0,0,0,0,0.0,0,0,0,0,0.0,0.0,Pass,sample_data/subj01_timepoint01.mp4
139,0,4.6,0.98,1,0.0,0.05,1.74,0.09,0.0,1.67,0.03,0.0,0.0,0.0,0.0,0.17,0.0,0.0,0.0,0.05,0.0,0.0,1.0,0.0,0.0,1.0,0.0,0.0,0.0,0.0,0.0,0.0,0.0,0.0,0.0,0.0,0.0,0.0,0.14,0.9800000000000001,0,0.29,0.0,0.2841666666666667,0.2841666666666667,0,0,0.2841666666666667,0.1716666666666667,0,0.0,0,0.8583333333333334,0.5683333333333334,0.12261904761904763,0,0,0,0,0,0,0,0,0,0,0,0,0,0,0,0.0,0,0,0,0,0.0,0.0,Pass,sample_data/subj01_timepoint01.mp4
140,0,4.633,0.98,1,0.0,0.12,1.76,0.0,0.0,1.59,0.03,0.0,0.0,0.0,0.0,0.18,0.03,0.0,0.0,0.04,0.0,0.0,1.0,0.0,0.0,1.0,0.0,0.0,0.0,0.0,0.0,0.0,0.0,0.0,0.0,0.0,0.0,0.0,0.07,0.9800000000000001,0,0.29333333333333333,0.0,0.2791666666666667,0.2791666666666667,0,0,0.2791666666666667,0.17033333333333334,0,0.0,0,0.8516666666666667,0.5583333333333333,0.12166666666666667,0,0,0,0,0,0,0,0,0,0,0,0,0,0,0,0.0,0,0,0,0,0.0,0.0,Pass,sample_data/subj01_timepoint01.mp4
141,0,4.667,0.98,1,0.0,0.07,1.75,0.0,0.0,1.57,0.03,0.0,0.0,0.0,0.0,0.16,0.03,0.0,0.0,0.07,0.0,0.0,1.0,0.0,0.0,1.0,0.0,0.0,0.0,0.0,0.0,0.0,0.0,0.0,0.0,0.0,0.0,0.0,0.02,0.9800000000000001,0,0.2916666666666667,0.0,0.27666666666666667,0.27666666666666667,0,0,0.27666666666666667,0.16899999999999998,0,0.0,0,0.845,0.5533333333333333,0.1207142857142857,0,0,0,0,0,0,0,0,0,0,0,0,0,0,0,0.0,0,0,0,0,0.0,0.0,Pass,sample_data/subj01_timepoint01.mp4
142,0,4.7,0.98,1,0.0,0.07,1.72,0.07,0.0,1.62,0.0,0.0,0.0,0.0,0.0,0.18,0.03,0.0,0.0,0.06,0.0,0.0,1.0,0.0,0.0,1.0,0.0,0.0,0.0,0.0,0.0,0.0,0.0,0.0,0.0,0.0,0.0,0.0,0.08,0.9800000000000001,0,0.2866666666666667,0.0,0.2783333333333333,0.2783333333333333,0,0,0.2783333333333333,0.16866666666666666,0,0.0,0,0.8433333333333333,0.5566666666666666,0.12047619047619047,0,0,0,0,0,0,0,0,0,0,0,0,0,0,0,0.0,0,0,0,0,0.0,0.0,Pass,sample_data/subj01_timepoint01.mp4
143,0,4.7330000000000005,0.98,1,0.0,0.0,1.68,0.07,0.0,1.59,0.0,0.0,0.0,0.0,0.0,0.19,0.0,0.0,0.01,0.12,0.0,0.0,1.0,0.0,0.0,1.0,0.0,0.0,0.0,0.0,0.0,0.0,0.0,0.0,0.0,0.0,0.0,0.0,0.12,0.9800000000000001,0,0.27999999999999997,0.0,0.2725,0.2725,0,0,0.2725,0.16499999999999998,0,0.0,0,0.825,0.5449999999999999,0.11785714285714285,0,0,0,0,0,0,0,0,0,0,0,0,0,0,0,0.0,0,0,0,0,0.0,0.0,Pass,sample_data/subj01_timepoint01.mp4
144,0,4.7669999999999995,0.98,1,0.0,0.0,1.73,0.12,0.0,1.68,0.02,0.0,0.0,0.0,0.0,0.22,0.0,0.0,0.01,0.12,0.0,0.0,1.0,0.0,0.0,1.0,0.0,0.0,0.0,0.0,0.0,0.0,0.0,0.0,0.0,0.0,0.0,0.0,0.12,0.9800000000000001,0,0.28833333333333333,0.0,0.2841666666666667,0.2841666666666667,0,0,0.2841666666666667,0.17133333333333334,0,0.0,0,0.8566666666666667,0.5683333333333334,0.12238095238095238,0,0,0,0,0,0,0,0,0,0,0,0,0,0,0,0.0,0,0,0,0,0.0,0.0,Pass,sample_data/subj01_timepoint01.mp4
145,0,4.8,0.98,1,0.0,0.0,1.65,0.14,0.0,1.58,0.02,0.0,0.0,0.0,0.0,0.22,0.0,0.0,0.01,0.17,0.0,0.0,1.0,0.0,0.0,1.0,0.0,0.0,0.0,0.0,0.0,0.0,0.0,0.0,0.0,0.0,0.0,0.0,0.04,0.9800000000000001,0,0.27499999999999997,0.0,0.26916666666666667,0.26916666666666667,0,0,0.26916666666666667,0.16266666666666668,0,0.0,0,0.8133333333333334,0.5383333333333333,0.11619047619047619,0,0,0,0,0,0,0,0,0,0,0,0,0,0,0,0.0,0,0,0,0,0.0,0.0,Pass,sample_data/subj01_timepoint01.mp4
146,0,4.833,0.98,1,0.0,0.05,1.72,0.27,0.0,1.46,0.02,0.0,0.0,0.0,0.0,0.25,0.0,0.0,0.03,0.14,0.0,0.0,1.0,0.0,0.0,1.0,0.0,0.0,0.0,0.0,0.0,0.0,0.0,0.0,0.0,0.0,0.0,0.0,0.0,0.9800000000000001,0,0.2866666666666667,0.0,0.26499999999999996,0.26499999999999996,0,0,0.26499999999999996,0.16333333333333333,0,0.0,0,0.8166666666666667,0.53,0.11666666666666667,0,0,0,0,0,0,0,0,0,0,0,0,0,0,0,0.0,0,0,0,0,0.0,0.0,Pass,sample_data/subj01_timepoint01.mp4
147,0,4.867,0.98,1,0.0,0.05,1.58,0.22,0.0,1.25,0.0,0.0,0.0,0.0,0.0,0.26,0.0,0.0,0.03,0.11,0.0,0.0,1.0,0.0,0.0,0.0,0.0,0.0,0.0,0.0,0.0,0.0,0.0,0.0,0.0,0.0,0.0,0.0,0.0,0.9800000000000001,0,0.26333333333333336,0.0,0.26333333333333336,0.26333333333333336,0,0,0.26333333333333336,0.158,0,0.0,0,0.79,0.26333333333333336,0.11285714285714286,0,0,0,0,0,0,0,0,0,0,0,0,0,0,0,0.0,0,0,0,0,0.0,0.0,Pass,sample_data/subj01_timepoint01.mp4
148,0,4.9,0.98,1,0.0,0.07,1.59,0.25,0.0,1.15,0.0,0.0,0.0,0.0,0.0,0.24,0.0,0.0,0.03,0.04,0.0,0.0,1.0,0.0,0.0,0.0,0.0,0.0,0.0,0.0,0.0,0.0,0.0,0.0,0.0,0.0,0.0,0.0,0.06,0.9800000000000001,0,0.265,0.0,0.265,0.265,0,0,0.265,0.159,0,0.0,0,0.795,0.265,0.11357142857142857,0,0,0,0,0,0,0,0,0,0,0,0,0,0,0,0.0,0,0,0,0,0.0,0.0,Pass,sample_data/subj01_timepoint01.mp4
149,0,4.933,0.98,1,0.0,0.1,1.54,0.28,0.0,1.29,0.0,0.0,0.0,0.0,0.0,0.24,0.0,0.0,0.0,0.03,0.0,0.0,1.0,0.0,0.0,0.0,0.0,0.0,0.0,0.0,0.0,0.0,0.0,0.0,0.0,0.0,0.0,0.0,0.08,0.9800000000000001,0,0.25666666666666665,0.0,0.25666666666666665,0.25666666666666665,0,0,0.25666666666666665,0.154,0,0.0,0,0.77,0.25666666666666665,0.11,0,0,0,0,0,0,0,0,0,0,0,0,0,0,0,0.0,0,0,0,0,0.0,0.0,Pass,sample_data/subj01_timepoint01.mp4
150,0,4.967,0.98,1,0.0,0.1,1.57,0.41,0.0,1.4,0.0,0.0,0.0,0.0,0.0,0.21,0.0,0.0,0.0,0.01,0.0,0.0,1.0,0.0,0.0,0.0,0.0,0.0,0.0,0.0,0.0,0.0,0.0,0.0,0.0,0.0,0.0,0.0,0.13,0.9800000000000001,0,0.26166666666666666,0.0,0.26166666666666666,0.26166666666666666,0,0,0.26166666666666666,0.15699999999999997,0,0.0,0,0.7849999999999999,0.26166666666666666,0.11214285714285713,0,0,0,0,0,0,0,0,0,0,0,0,0,0,0,0.0,0,0,0,0,0.0,0.0,Pass,sample_data/subj01_timepoint01.mp4
151,0,5.0,0.98,1,0.0,0.07,1.56,0.34,0.0,1.48,0.0,0.0,0.0,0.0,0.0,0.19,0.0,0.02,0.0,0.06,0.0,0.0,1.0,0.0,0.0,0.0,0.0,0.0,0.0,0.0,0.0,0.0,0.0,0.0,0.0,0.0,0.0,0.0,0.07,0.9800000000000001,0,0.26,0.0,0.26,0.26,0,0,0.26,0.156,0,0.0,0,0.78,0.26,0.11142857142857143,0,0,0,0,0,0,0,0,0,0,0,0,0,0,0,0.0,0,0,0,0,0.0,0.0,Pass,sample_data/subj01_timepoint01.mp4
152,0,5.033,0.98,1,0.0,0.0,1.51,0.33,0.0,1.3,0.0,0.0,0.0,0.0,0.0,0.17,0.0,0.03,0.0,0.07,0.0,0.0,1.0,0.0,0.0,0.0,0.0,0.0,0.0,0.0,0.0,0.0,0.0,0.0,0.0,0.0,0.0,0.0,0.06,0.9800000000000001,0,0.25166666666666665,0.0,0.25166666666666665,0.25166666666666665,0,0,0.25166666666666665,0.15099999999999997,0,0.0,0,0.7549999999999999,0.25166666666666665,0.10785714285714285,0,0,0,0,0,0,0,0,0,0,0,0,0,0,0,0.0,0,0,0,0,0.0,0.0,Pass,sample_data/subj01_timepoint01.mp4
153,0,5.067,0.98,1,0.0,0.0,1.51,0.28,0.0,1.14,0.0,0.0,0.0,0.0,0.0,0.17,0.0,0.04,0.0,0.09,0.0,0.0,1.0,0.0,0.0,0.0,0.0,0.0,0.0,0.0,0.0,0.0,0.0,0.0,0.0,0.0,0.0,0.0,0.0,0.9800000000000001,0,0.25166666666666665,0.0,0.25166666666666665,0.25166666666666665,0,0,0.25166666666666665,0.15099999999999997,0,0.0,0,0.7549999999999999,0.25166666666666665,0.10785714285714285,0,0,0,0,0,0,0,0,0,0,0,0,0,0,0,0.0,0,0,0,0,0.0,0.0,Pass,sample_data/subj01_timepoint01.mp4
154,0,5.1,0.98,1,0.0,0.0,1.55,0.26,0.0,1.06,0.0,0.0,0.0,0.0,0.0,0.23,0.0,0.03,0.0,0.05,0.0,0.0,1.0,0.0,0.0,0.0,0.0,0.0,0.0,0.0,0.0,0.0,0.0,0.0,0.0,0.0,0.0,0.0,0.01,0.9800000000000001,0,0.25833333333333336,0.0,0.25833333333333336,0.25833333333333336,0,0,0.25833333333333336,0.15500000000000003,0,0.0,0,0.7750000000000001,0.25833333333333336,0.11071428571428574,0,0,0,0,0,0,0,0,0,0,0,0,0,0,0,0.0,0,0,0,0,0.0,0.0,Pass,sample_data/subj01_timepoint01.mp4
155,0,5.132999999999999,0.98,1,0.0,0.0,1.59,0.18,0.0,1.17,0.0,0.0,0.0,0.0,0.0,0.22,0.0,0.03,0.01,0.08,0.0,0.0,1.0,0.0,0.0,0.0,0.0,0.0,0.0,0.0,0.0,0.0,0.0,0.0,0.0,0.0,0.0,0.0,0.01,0.9800000000000001,0,0.265,0.0,0.265,0.265,0,0,0.265,0.159,0,0.0,0,0.795,0.265,0.11357142857142857,0,0,0,0,0,0,0,0,0,0,0,0,0,0,0,0.0,0,0,0,0,0.0,0.0,Pass,sample_data/subj01_timepoint01.mp4
156,0,5.167000000000001,0.98,1,0.0,0.0,1.64,0.24,0.0,1.38,0.0,0.0,0.0,0.0,0.0,0.3,0.0,0.02,0.05,0.12,0.0,0.0,1.0,0.0,0.0,1.0,0.0,0.0,0.0,0.0,0.0,0.0,0.0,0.0,0.0,0.0,0.0,0.0,0.01,0.9800000000000001,0,0.2733333333333333,0.0,0.25166666666666665,0.25166666666666665,0,0,0.25166666666666665,0.15533333333333332,0,0.0,0,0.7766666666666666,0.5033333333333333,0.11095238095238094,0,0,0,0,0,0,0,0,0,0,0,0,0,0,0,0.0,0,0,0,0,0.0,0.0,Pass,sample_data/subj01_timepoint01.mp4
157,0,5.2,0.98,1,0.0,0.0,1.61,0.26,0.0,1.56,0.0,0.0,0.0,0.0,0.0,0.24,0.0,0.02,0.05,0.17,0.0,0.0,1.0,0.0,0.0,0.0,0.0,0.0,0.0,0.0,0.0,0.0,0.0,0.0,0.0,0.0,0.0,0.0,0.0,0.9800000000000001,0,0.26833333333333337,0.0,0.26833333333333337,0.26833333333333337,0,0,0.26833333333333337,0.16100000000000003,0,0.0,0,0.8050000000000002,0.26833333333333337,0.11500000000000002,0,0,0,0,0,0,0,0,0,0,0,0,0,0,0,0.0,0,0,0,0,0.0,0.0,Pass,sample_data/subj01_timepoint01.mp4
158,0,5.233,0.98,1,0.0,0.0,1.58,0.14,0.0,1.65,0.0,0.0,0.0,0.0,0.0,0.18,0.0,0.0,0.0,0.19,0.0,0.0,1.0,0.0,0.0,1.0,0.0,0.0,0.0,0.0,0.0,0.0,0.0,0.0,0.0,0.0,0.0,0.0,0.0,0.9800000000000001,0,0.26333333333333336,0.0,0.26916666666666667,0.26916666666666667,0,0,0.26916666666666667,0.16033333333333333,0,0.0,0,0.8016666666666666,0.5383333333333333,0.11452380952380951,0,0,0,0,0,0,0,0,0,0,0,0,0,0,0,0.0,0,0,0,0,0.0,0.0,Pass,sample_data/subj01_timepoint01.mp4
