c0,c1,c2,c3,c4,c5,c6,c7,c8,c9,c10,c11,c12,c13,c14,c15,c16,c17,c18,c19,c20,c21,c22,c23,c24,c25,c26,c27,c28,c29,c30,c31,c32,c33,c34,c35,c36,c37,c38,c39,c40,c41,c42,c43,c44,c45,c46,c47,c48,c49,c50,c51,c52,c53,c54,c55,c56,c57,c58,c59,c60,c61,c62,c63,c64,c65,c66,c67,
1.64527,1.40969,1.17785,1.60911,1.0448,0.348546,0.668207,1.90639,1.35254,1.02016,0.720235,0.898125,1.04127,0.704021,1.14987,0.620738,0.346239,2.67177,1.38881,1.05019,1.09527,1.11062,2.0204,2.06947,1.32079,1.68755,1.6843,1.65777,0.391375,0.59427,0.842671,3.19515,2.69246,1.80119,1.68826,0.909351,4.10744,2.46929,2.77398,3.14087,4.3404,4.02077,3.61828,3.83738,3.93304,2.38141,3.40906,3.20177,2.63543,1.49118,2.7225,3.52663,2.98718,1.06127,1.11678,1.58008,0.47186,0.322014,1.42618,0.215591,2.85009,1.31599,4.47709,1.75678,1.73101,1.90016,2.76238,1.25082
4.04616,2.88226,2.85302,2.85571,1.92937,1.08753,1.13926,3.41527,3.28038,0.956069,1.83171,1.80439,1.90035,1.55902,1.30509,1.67938,1.7437,3.95728,4.13141,2.4314,2.83093,3.90312,4.44025,3.53455,3.58243,4.04561,3.42744,4.71838,1.95188,4.13407,4.27854,5.02831,5.08663,6.26702,5.21194,3.45896,4.93392,4.65115,5.71851,5.58138,5.71568,4.88023,4.72086,5.77512,5.09023,5.81952,5.27285,5.48557,3.94215,2.97667,4.5719,5.78831,6.32501,4.174,4.26389,3.19978,1.67225,2.46709,4.1127,3.70029,2.91096,4.51128,4.73905,5.31645,3.57819,3.06093,3.88593,5.56975
3.87222,2.85815,2.89233,2.83268,2.00553,1.17218,1.2127,3.78994,3.22142,1.10627,1.47907,1.67775,1.92211,1.70074,1.33809,1.37239,1.65215,3.89302,3.9946,2.47785,2.77939,3.7337,4.46442,3.06614,3.50703,4.92339,3.45941,4.62812,1.95255,4.16663,4.48901,5.09511,5.01478,6.26242,4.80893,3.81895,4.88327,4.42002,5.52225,5.47373,5.32243,4.76424,5.07188,5.56791,5.01222,4.98068,5.71116,5.21853,3.45986,2.69583,5.00942,5.40492,6.37771,4.03028,4.01166,4.08498,1.52597,2.59478,3.79607,3.73638,2.98397,4.18776,4.28609,5.16746,3.26351,2.93136,4.10678,5.24281
3.90634,2.84368,2.85257,2.82999,2.15266,1.18332,1.14005,3.87611,3.11269,1.20261,1.48488,1.67205,2.07263,2.01495,1.43652,1.36531,1.54938,3.97053,3.79148,2.42224,2.90754,3.75204,4.28736,3.39099,3.94161,4.97097,3.7647,4.60762,2.14695,4.28418,4.56853,5.03342,5.07228,6.25415,4.80407,3.55329,4.82597,4.42623,5.52549,5.36921,5.35447,4.63313,5.06814,5.62567,5.49236,5.17691,5.70946,5.33246,3.67337,2.76979,4.71346,5.75181,6.41321,3.90203,4.81358,3.49673,1.47757,2.20296,3.55004,3.43565,3.08618,4.5607,4.74368,5.56324,3.87633,2.94811,4.20528,5.04012
3.93459,2.85069,2.8624,2.90155,2.22835,1.04163,1.28369,3.9128,3.19676,1.25901,1.48106,1.60453,2.18781,1.86833,1.65628,1.44737,1.69171,3.85649,3.59185,2.47104,2.86253,4.06231,4.32691,3.22026,3.80625,4.89697,4.07757,4.73666,1.92219,4.11673,4.40208,4.95916,4.9561,6.08278,4.67101,3.73405,4.72382,4.70005,5.42174,5.14163,5.4897,5.09844,4.71829,5.6796,5.31376,5.01724,5.68676,5.27028,3.49595,2.60635,4.97458,5.73506,6.33472,4.45961,4.98245,3.82857,1.66223,2.35424,3.61247,3.46262,3.2653,4.76559,4.71299,5.75298,3.75385,2.90168,4.44551,4.52772
3.93873,2.7876,2.93221,2.91528,2.23244,1.20187,1.23988,4.12828,3.07593,1.34463,1.56479,1.44965,2.12931,2.03383,1.67419,1.46181,2.0505,3.95822,3.72989,2.33473,2.7546,3.94712,4.36666,3.14888,3.71833,4.67836,4.1714,4.88302,2.02124,4.06421,4.57779,5.01497,5.09205,6.13544,4.66882,3.78666,4.83936,4.57374,5.38069,4.92458,5.25837,4.82541,4.93102,5.78808,5.05178,5.24891,5.46121,5.53559,3.57046,2.63575,4.82475,5.69895,6.32821,4.44011,4.90524,3.89278,1.5904,2.34842,3.48809,3.56872,3.42132,4.70006,4.7658,5.72579,3.91388,3.21323,4.37585,4.83882
3.90927,2.84547,2.92894,2.89677,2.10362,1.18859,1.26161,3.76381,3.05404,1.269,1.25396,1.28314,2.17238,1.99931,1.71446,1.48549,2.13002,3.96349,3.92507,2.4266,2.84212,3.99498,4.61562,2.8856,3.49738,4.42354,3.92369,4.78541,1.79218,4.13863,4.38444,4.86881,5.04045,6.11883,4.83337,3.30346,4.7371,4.69453,5.4195,4.95174,5.35547,4.84993,4.99149,5.84909,5.23034,5.10264,5.48713,5.66689,3.5179,2.6631,4.86817,5.54921,5.95952,4.49532,4.99001,3.66589,1.5952,2.40953,3.51896,3.47015,3.45594,4.39206,5.06007,5.5183,3.95788,3.70386,4.11634,4.7496
4.03402,2.87742,2.9132,2.83393,1.97488,1.07375,1.2306,3.56462,3.05767,1.31677,1.47747,1.31064,2.18413,2.06549,1.72983,1.63552,2.13892,4.04768,3.9154,2.55711,2.86385,4.09391,4.39289,3.00391,3.66389,4.53642,4.14941,4.67072,1.93169,4.24923,4.50351,4.98119,5.0453,6.14559,4.50316,3.72387,4.81439,4.66462,5.20972,4.84723,5.17428,4.85945,5.09984,5.93648,5.1888,5.28369,5.57476,5.69283,3.47281,2.73059,4.47938,5.51591,6.61558,4.25091,4.75758,3.63698,1.80949,2.19063,3.5647,3.40709,3.28665,4.30815,4.88472,5.50659,3.92014,3.30038,3.61522,5.27631
3.99182,2.82676,2.884,2.80909,1.89703,1.01543,1.17809,3.37741,2.99269,1.49133,1.29169,1.40486,2.18291,2.10564,1.78556,1.72204,2.10563,3.96842,3.81855,2.44987,2.93435,4.0674,4.18526,3.13184,3.7677,4.39556,3.99958,4.77552,2.06497,4.30873,4.54384,5.06005,5.03136,6.12827,4.47559,3.75009,4.9183,4.59854,5.18347,4.71593,5.21406,4.78992,5.01514,5.84427,5.35571,5.1329,5.39899,5.61932,3.4822,2.69654,4.14007,5.49427,6.77206,4.2874,4.38315,3.40041,1.9758,1.95129,3.32067,3.28535,3.09691,3.88363,4.47862,5.50451,3.88913,2.94971,3.20655,4.94507
4.00451,2.80943,2.86434,2.92226,1.8528,0.973473,1.26871,3.85252,2.95018,1.16195,1.29734,1.50136,2.19447,1.94353,1.77855,1.68841,1.96042,3.99821,3.91866,2.42376,2.92113,4.19041,4.08744,3.28252,3.77036,4.60669,3.99564,5.05766,2.27569,4.23298,4.44006,5.01413,5.06754,6.17231,4.34739,4.0976,4.89489,4.48244,5.49386,4.93001,5.27413,4.7176,5.08194,5.81998,5.22201,5.11749,5.5559,5.54474,3.68037,2.80763,4.11789,5.5605,6.90402,4.19566,4.29836,3.35583,1.47599,1.88073,3.67829,3.33093,3.02369,3.96162,4.07412,5.57171,3.78285,2.9653,3.66921,5.13513
4.04622,2.86235,2.73238,2.93445,2.04274,0.922105,1.28026,4.22971,2.99371,1.11215,1.5605,1.36864,1.93995,1.82462,1.62347,1.53035,1.8048,4.05248,3.90811,2.39865,2.94885,3.86825,4.00509,3.3058,3.78617,4.65174,3.4903,4.95155,2.2945,4.08562,4.6153,5.17136,5.00747,6.15627,4.57591,3.45885,4.81172,4.31287,5.29418,4.94364,5.41195,4.69848,5.16249,5.59729,5.15377,5.32699,5.55592,5.33262,3.76731,2.87165,4.48359,5.41852,7.04955,3.56488,4.11041,3.07153,1.4987,1.89016,3.51967,3.19263,2.96575,4.0971,4.02254,5.65034,3.45556,2.93116,3.34317,5.24847
3.98317,2.8844,2.76689,3.0113,2.31925,0.937814,1.27277,3.99523,2.96744,1.18853,1.41316,1.72183,1.85596,1.80678,1.57502,1.50961,1.58306,3.89221,4.07284,2.47051,2.9288,4.14913,4.62771,3.34648,3.77681,4.73037,3.45014,4.6783,2.23904,4.18919,4.29197,5.13194,5.02527,5.98531,4.85571,3.68282,4.95695,4.33841,5.27404,5.04471,5.34811,4.68811,5.31124,5.52771,4.93538,5.2831,5.55244,5.26897,3.8189,2.91198,4.19421,5.38061,6.71935,3.60455,3.78612,3.23638,1.79353,2.14587,3.50651,3.13096,2.5286,3.83998,4.49471,5.33568,3.59866,2.9793,3.64146,5.18976
3.98115,2.67547,2.72311,2.84762,2.36531,0.985806,1.19695,3.82259,3.20476,1.34678,1.47381,1.73174,1.6089,1.32971,1.40501,1.37179,1.43509,3.99985,4.23804,2.4268,2.82563,3.98876,4.23567,3.4106,3.75305,4.21868,3.95266,4.70077,2.08805,4.12354,4.38302,5.21772,5.06997,5.70809,4.49626,3.51948,4.99121,4.43746,5.32006,4.64042,5.22987,4.78842,5.27154,5.47846,5.18011,5.35479,5.50586,5.28073,3.99733,3.09544,4.131,5.38553,6.59893,3.84635,3.54571,2.43481,2.05097,1.96609,3.79217,3.10021,2.56841,3.99504,4.62092,4.95157,4.03706,2.47961,4.02277,5.14053
3.82081,2.68163,2.49282,2.72183,2.5767,0.990449,1.23673,3.40383,3.02799,1.16169,1.73822,1.57719,1.42086,1.69815,1.4846,1.29579,1.83334,3.98569,4.26923,2.50723,2.87756,4.18939,4.1054,3.51646,3.65898,4.02871,4.05454,4.55079,1.95984,4.23945,4.60381,5.16392,5.01198,6.16449,3.86619,3.34045,5.29209,4.31599,5.19077,4.83653,5.43611,4.45976,5.20106,5.6954,5.26482,5.35392,5.45842,5.45366,3.82075,2.83094,4.06379,5.55053,6.66685,4.12688,3.80647,3.25809,1.83205,2.09109,3.5797,3.23612,2.75379,3.8176,4.42986,5.53066,3.4968,2.69176,3.62094,5.35375
3.64728,2.49582,2.52201,2.3057,2.32871,0.881793,1.24119,3.70035,3.08714,1.26156,1.3994,1.48396,1.43473,1.8373,1.30483,1.19545,1.83031,3.88374,4.2241,2.42159,2.77961,3.8543,4.23806,3.38756,3.81079,4.16221,3.81619,4.89777,1.80562,4.15243,4.4423,5.12029,5.01606,6.04016,4.87703,2.67018,5.19057,4.08774,5.38659,4.80714,5.20035,4.66027,5.04926,5.52106,5.21453,5.12762,5.66476,5.42208,3.49469,2.79414,4.02276,5.71121,6.28817,4.06922,3.92462,3.2254,1.94146,2.08751,3.78623,3.20222,2.87375,3.6048,4.84975,5.41374,3.59755,3.00439,2.89473,5.35275
3.51072,2.7122,2.60872,1.98813,1.56413,0.929367,1.10535,3.77686,3.21262,1.38678,1.13712,1.60203,1.54065,1.63929,1.05689,1.00268,2.03692,3.78653,4.32423,2.3144,2.81516,4.25228,4.33048,3.57102,3.83539,4.09998,3.85517,4.91687,2.11438,4.26117,4.37348,5.06154,5.19822,5.97969,4.84565,2.80607,5.28143,4.1159,5.14045,4.82483,5.14252,4.70885,5.04576,5.42936,4.80106,5.44712,5.53981,5.36332,3.51267,2.98729,4.07158,5.59673,6.17651,4.43181,3.65461,2.98179,2.62096,2.29648,3.8321,2.95898,2.95425,3.82806,4.53797,5.44379,3.54926,2.85474,3.57498,5.15028
3.17561,2.85337,2.73441,1.69173,1.8137,0.818361,1.06913,3.45091,3.55195,1.52129,1.19429,1.48737,1.68728,1.09923,1.49926,1.13176,2.02904,3.81677,4.44857,2.1601,2.80972,4.22905,4.16364,3.37894,3.35179,4.08018,3.88845,4.73281,2.01528,4.38305,4.42174,5.03482,5.1045,5.94549,4.38533,3.11426,5.18469,4.03783,5.2448,5.12343,5.26498,4.43282,5.02176,5.53335,5.11141,4.87164,5.37176,5.20596,3.07912,2.90726,3.96736,5.65045,6.57938,4.04528,4.28139,2.89733,2.68477,2.2528,3.41785,3.26462,2.85602,3.62819,4.76298,5.97366,3.36638,2.8426,3.45105,5.22219
3.36739,3.10994,2.65695,1.74711,2.56584,0.646701,1.00572,3.60485,3.90528,1.64157,1.25512,1.71748,1.71498,1.36357,1.24685,1.23438,2.39988,3.82483,4.46541,2.41474,2.93999,4.30895,4.38705,3.49083,3.70323,3.92438,3.90031,4.70078,1.93426,4.16163,4.84767,5.02976,5.19368,5.75918,4.40267,3.64934,5.22589,4.08416,5.53188,4.78635,5.25454,4.57663,5.31072,5.76042,5.32117,5.46727,5.55256,5.4601,3.2198,3.1013,4.1576,5.42183,6.34911,4.66463,3.7676,3.51843,2.60925,2.37737,3.55388,3.12692,2.8468,3.78491,4.88213,5.53343,3.77959,3.15132,4.04569,5.49329
3.35421,3.04029,2.28872,1.45969,2.07264,0.423467,0.907005,3.02433,3.72287,1.42103,1.58362,1.387,1.5207,1.43105,1.11805,1.17894,2.10014,3.73165,4.47606,2.19998,2.74648,4.18649,4.34165,3.29388,3.16298,3.45907,3.0301,4.88876,2.19949,4.28162,4.76647,4.91483,5.22486,5.83668,4.00305,2.71951,5.21788,4.04004,5.36451,4.83146,5.102,4.50188,4.84405,5.53786,5.13429,5.39016,6.01459,5.44715,3.094,3.08842,4.36118,5.41195,6.59848,4.72589,3.62039,3.56532,1.98916,2.43313,3.87948,3.12499,2.93146,4.03464,4.28546,5.77774,3.5491,2.88754,3.89367,5.4922
3.22179,2.96916,1.77841,1.09132,1.58775,0.35812,0.863182,3.2277,4.08466,2.43265,1.81637,1.49289,1.36625,1.38164,0.838738,1.39489,2.47134,3.47472,4.49207,2.04893,2.85077,4.35322,4.67056,3.41747,3.88813,4.16648,3.66666,4.84242,2.27124,4.30545,4.81639,4.84309,5.23252,6.14926,4.63984,2.89722,5.19901,3.48752,5.2863,4.91761,5.39699,4.30017,4.67851,5.52016,5.08429,5.33075,5.40195,5.15234,3.29072,3.07835,4.39633,5.36107,6.68991,4.1042,4.34368,3.35932,2.14664,2.51044,4.03385,3.56824,3.13753,4.46068,4.39657,5.89451,3.67335,2.41453,4.46962,5.54186
3.20987,2.86128,2.11039,1.48159,1.27639,0.329862,0.85495,3.06398,3.86881,2.03773,1.97489,1.7021,1.64867,1.29491,1.20355,1.25435,2.7012,3.4492,4.56076,2.27148,2.80017,4.23706,4.36477,3.30349,3.95038,3.95427,3.1235,4.44152,2.13121,4.04944,4.91593,4.95144,5.23238,6.09926,4.70696,3.02745,5.37291,3.45548,5.12455,4.6997,5.15349,4.41245,4.86221,5.63326,4.947,5.27833,5.78389,5.36279,3.09562,3.003,4.29741,5.37757,6.09702,4.38912,4.36376,3.30397,2.33882,2.33078,4.05091,3.64288,3.16904,4.00873,4.69944,6.17547,3.79983,3.52175,3.95103,5.56667
3.25169,2.34801,2.34929,1.93473,1.93892,0.326347,0.724112,2.81513,3.80479,2.15996,1.69791,1.98557,1.69336,1.35197,1.40137,1.23727,2.8266,3.495,4.3278,1.99467,2.63444,4.29311,4.44695,3.25982,3.54977,3.64426,3.44403,4.42793,1.98659,4.20439,4.89764,4.96866,5.21013,6.34084,4.62465,3.28641,5.1783,3.38793,4.64137,4.96624,5.31596,4.45326,4.73471,5.84244,5.38372,5.02243,5.55458,5.38467,3.02461,3.28228,4.56263,5.55589,6.13138,4.24027,3.83303,3.38867,2.40414,2.28866,4.07662,3.40843,3.13045,4.49529,4.88201,5.9391,3.84885,3.5035,4.26395,5.71282
3.18129,1.99388,1.76431,2.25507,2.75004,0.380811,0.767164,2.65247,4.24364,1.97911,1.58918,2.15782,1.65405,1.21516,1.63121,1.76565,2.75281,3.37002,4.11384,1.96253,2.79292,4.39054,4.39548,3.12828,3.83354,4.12892,3.67039,4.89034,2.01084,4.35924,5.04284,4.93983,5.26376,6.22068,4.26724,2.86821,5.29581,3.16281,4.60165,4.6596,5.22548,4.5508,4.66435,5.75357,5.45452,5.16182,5.27179,5.32094,2.53723,3.18234,4.58495,6.10698,6.5959,3.95673,4.57298,3.09061,1.43237,2.48343,4.04177,3.63406,3.2099,4.76654,4.74833,6.28272,3.99409,4.28453,4.59801,5.6526
3.52591,2.20525,1.22294,2.09034,2.84519,0.492097,0.696876,2.75891,3.95143,2.26397,1.91041,2.20757,1.50572,1.05887,1.5572,2.0384,2.71713,3.50754,4.14116,1.88831,2.77523,4.36144,4.72608,3.69477,4.01593,3.90666,3.98046,4.64231,2.1483,4.23546,5.02815,4.92419,5.39996,6.13241,5.24026,3.20659,5.34182,3.53862,4.90469,5.19482,5.40232,4.4777,4.4726,5.81106,5.60805,4.98335,5.29402,5.4966,2.88427,3.20598,4.53496,6.1626,6.27829,3.98974,4.89891,3.38722,2.01299,2.71616,3.99041,3.68793,3.17412,4.84389,4.88809,6.03566,3.62878,4.70364,4.63101,5.43606
3.53942,2.44948,1.05853,2.11955,2.95376,0.517462,0.505819,2.57222,3.96269,2.52704,2.16016,2.23828,1.64228,1.1654,1.74328,2.33204,2.85569,3.4913,4.03385,1.77063,2.64575,4.59237,4.58688,3.85684,3.75282,3.47649,2.78908,5.06002,2.10686,4.41382,4.93121,4.97472,5.42035,5.88562,5.25257,2.81144,5.29573,3.76471,4.84541,5.09299,5.3304,4.66406,4.51463,5.70814,5.24485,4.72175,5.24783,5.21592,3.21698,3.31659,4.38751,5.79304,5.86008,4.23685,3.51114,2.77703,1.78764,2.34067,3.85112,3.5066,3.13758,4.64145,4.52271,5.57928,3.59961,4.24561,3.97476,5.55777
3.3758,2.6044,1.25828,2.36515,2.98088,0.456779,0.41074,2.44049,4.14605,2.92467,2.00456,2.53462,1.51659,1.24748,1.65607,2.39417,2.78241,3.59743,3.9237,1.67069,2.67953,4.44321,4.69816,3.48734,3.5384,3.87417,3.34815,4.83847,1.94634,4.23329,5.08913,4.99359,5.41919,5.99893,5.40577,2.45259,5.37706,3.92631,4.65758,5.01128,5.06241,4.48914,4.96503,5.83268,5.60449,5.38189,5.06484,5.36135,3.50527,3.48948,4.5451,6.03153,6.30004,4.53373,4.21588,2.3772,1.96077,2.59758,3.96138,3.5726,3.66805,4.83967,4.60202,5.47651,3.64573,3.82596,4.33638,5.63149
3.25951,2.67357,1.33351,2.36049,2.99194,0.398412,0.247221,2.01118,3.88128,2.59514,2.1373,2.17113,1.47095,1.0069,1.89279,2.40059,2.63107,3.56914,3.60444,1.51743,2.66898,4.30595,4.53021,3.6953,3.89785,3.83671,2.93384,4.6031,2.249,4.45468,5.20671,5.05479,5.42352,5.82408,4.92126,2.09535,5.42147,3.56508,4.44118,5.08202,5.26032,4.51664,4.69125,5.78456,5.58331,4.98183,5.50376,4.97921,3.24657,3.37477,4.51662,6.14738,6.19177,4.4566,4.38317,3.74218,2.06692,2.75029,3.69651,3.88139,3.85178,4.98993,4.43523,5.94242,3.60165,5.09096,4.28787,5.62872
3.07162,2.43985,1.25025,2.34177,3.19023,0.387913,0.243361,1.7589,3.77029,2.56191,1.81314,2.18771,1.77654,1.26064,1.57714,2.42193,2.75084,3.56131,3.57531,1.38605,2.69331,4.41876,4.52049,4.01682,4.08258,3.83054,3.29129,4.63437,2.15489,4.40728,4.8044,5.1115,5.31151,5.88777,4.78553,3.0077,5.36957,3.37844,4.43915,4.95123,5.23811,4.51901,4.38836,5.93672,5.50906,5.22195,5.60324,5.18801,3.36075,3.40283,4.69159,6.11857,6.4704,4.79016,4.3942,2.80913,2.27211,2.87797,3.97445,3.95505,3.93098,5.57967,4.25064,6.06627,3.9611,4.76782,4.609,5.49428
2.95655,2.42316,1.21344,2.39056,3.17163,0.415369,0.281602,1.74581,3.99567,2.06108,2.20844,2.08611,1.67822,1.06314,1.38914,2.48622,2.67312,3.47311,3.52916,1.37244,2.70963,4.53203,4.62213,3.41427,3.25243,4.14057,3.24413,4.47179,2.01038,4.45586,4.96854,5.14944,5.38052,6.13412,4.63429,3.49134,5.45411,3.9588,4.78887,5.37777,5.01628,4.55496,4.26739,5.64933,5.50581,4.65127,5.25864,5.21783,3.53875,3.33278,4.58752,6.03629,6.31636,4.61786,4.78043,2.65697,2.3166,2.60984,3.52133,3.90175,3.81267,5.22272,4.45021,5.92693,3.85087,5.18893,4.65245,5.48445
2.92462,2.19359,1.30375,2.45553,3.15823,0.520878,0.273434,1.92967,4.06582,2.40865,1.41312,2.23125,1.67944,0.986345,1.87003,2.25321,2.95244,3.47843,3.61035,1.3731,2.70074,4.29476,4.30522,3.55128,3.41804,4.02738,3.81342,4.43065,2.24675,4.77961,5.11149,5.09005,5.44869,6.07968,4.86414,2.96255,5.48275,3.9857,4.81039,5.35348,5.42105,4.57546,3.99894,5.56142,5.21227,4.93987,5.06369,5.20823,3.35046,3.32156,4.9026,5.85708,6.69691,4.54727,4.5942,3.18407,2.49013,3.093,3.78643,4.10168,3.56871,5.50997,4.08756,6.095,4.25477,5.00778,4.52212,5.25373
2.91829,2.23803,1.2897,2.47386,3.03011,0.433038,0.281847,2.01758,4.19336,3.0563,2.41407,2.51554,1.59405,1.12946,1.7203,2.40685,2.69776,3.52547,3.66399,1.5035,2.7509,4.35302,4.72423,3.39836,3.80691,4.25438,3.17429,4.59765,2.19683,4.37789,4.86769,4.98844,5.2966,5.8848,5.50937,2.10443,5.36944,4.1652,4.40277,5.0815,5.54005,4.56841,4.51259,5.89257,4.94963,5.1883,5.40927,5.555,3.39061,3.2408,4.86525,5.82478,6.56067,4.19963,4.27174,3.0177,2.80407,2.73932,4.05389,3.69799,3.40468,4.96978,4.39594,6.46035,3.66976,4.81302,4.92673,5.35059
2.87473,2.19327,1.38638,2.45404,2.96698,0.449092,0.27933,2.06633,4.4483,3.11778,2.46655,2.49652,1.57797,1.10584,1.72786,2.22012,2.6793,3.35708,3.49019,1.33405,2.7454,4.40667,4.7489,3.57291,3.76062,4.16648,4.09566,4.83531,2.19071,4.40457,4.68589,5.06511,5.33915,5.79902,5.16848,2.26291,5.44682,4.0157,4.87495,4.66624,5.3377,4.52659,4.34462,5.60431,5.10362,5.19516,5.50674,5.36102,3.19766,3.37872,4.69875,6.08258,6.40887,4.84755,4.3333,3.34061,2.19431,2.81002,3.74114,3.70418,3.29901,4.91704,4.69514,6.25106,3.75545,4.01946,5.28147,5.22462
2.92256,2.05422,1.40574,2.53611,2.96116,0.403473,0.260717,2.08751,4.45321,2.82669,2.12172,2.36326,1.84374,1.00625,1.92657,2.58524,2.81676,3.38764,3.71515,1.5886,2.824,4.3855,4.46533,3.50671,3.85159,4.37331,3.59155,4.78075,2.11907,4.45728,4.70044,4.98506,5.40126,5.85021,4.89433,2.55847,5.61272,4.11869,4.67653,5.10597,5.38741,4.61512,4.73582,5.76472,5.045,4.93414,4.9996,5.37093,3.67791,3.39073,4.71524,5.90863,6.1621,5.02828,4.106,3.31336,2.17475,2.92202,3.98373,3.71822,3.46617,5.03284,4.36029,5.54328,3.58654,4.09791,5.15786,5.36363
2.88631,2.06483,1.38572,2.66594,2.85956,0.375063,0.245353,2.1291,4.49117,2.94915,2.23791,2.42513,1.7004,0.957022,1.89544,2.41457,2.75854,3.49695,3.63048,1.47067,2.78918,4.48423,4.61202,3.52802,3.99698,4.35898,3.96808,4.88518,2.04162,4.62411,4.84193,4.96285,5.51493,5.62964,5.20841,2.54192,5.36924,4.00876,4.62639,5.11886,5.42954,4.66232,4.73789,5.9682,5.20847,4.84153,5.10737,5.44207,3.48515,3.34312,4.68785,6.07223,6.38784,5.07082,4.5172,3.76595,2.91037,2.94578,3.87765,3.59144,3.39174,5.36183,4.41174,6.27666,3.62242,4.43578,5.12229,5.30809
3.03345,2.16453,1.28152,2.79265,2.75638,0.331557,0.226648,2.11948,4.30047,2.32713,2.73899,2.60729,1.58073,0.907812,2.02089,2.50857,2.74657,3.51995,3.51041,1.45413,2.82123,4.24842,4.65295,3.84294,4.16558,4.38611,3.89762,4.91791,2.10065,4.49645,4.92448,5.05429,5.58353,5.61964,5.32871,2.55582,5.44046,4.14472,4.74353,5.52571,5.37543,4.68587,4.7155,5.83998,4.92518,5.16783,5.23248,5.44474,3.43844,3.19778,4.78781,5.97618,6.14201,4.8073,3.74862,3.63248,2.76435,2.72511,4.26884,3.57809,3.67366,5.16313,4.31207,5.84225,3.35393,4.21247,5.07531,5.61482
2.8426,2.19399,1.24529,2.76782,2.72249,0.307721,0.238788,2.09214,4.12391,2.92732,2.73367,2.37016,1.64093,0.784289,1.90724,2.62895,2.99219,3.5723,3.72812,1.44076,2.8191,4.55285,4.78976,3.68532,4.00409,3.90519,3.87316,4.76446,1.86629,4.54893,4.75478,5.02824,5.50953,5.75425,5.76148,2.67814,5.39342,4.14988,4.90541,5.40193,5.23354,4.62532,4.43863,5.8694,5.28153,5.41782,5.32021,5.21235,3.54981,3.23344,4.64125,6.18225,6.53202,4.66597,3.61801,3.32041,2.7423,2.71169,3.90512,3.63877,3.55805,5.21089,4.63432,6.13784,3.25887,3.84105,4.80662,5.49867
2.98615,2.19744,1.1789,2.82247,2.89363,0.307065,0.329625,2.42857,3.94972,2.82746,2.14985,2.33008,1.69981,0.686605,1.93947,2.65192,2.83212,3.53815,3.76178,1.42155,2.91279,4.48841,4.68395,3.66997,3.63375,4.32641,3.6401,4.75634,1.9701,4.25548,5.32436,4.95793,5.53156,5.93008,5.28864,2.82882,5.22329,4.31584,4.87018,5.38963,5.25416,4.55612,4.64925,6.23757,5.29416,5.35964,5.29848,5.40002,3.64506,3.24316,4.81298,6.14633,6.36445,4.58474,3.52867,3.40793,3.2493,2.89461,3.91442,3.787,3.63869,5.06289,4.67935,6.04949,3.48437,3.38922,4.89227,5.64585
3.28765,2.27134,1.21254,2.58588,2.87043,0.299336,0.327636,2.345,3.93677,2.35093,1.70641,2.11534,1.75173,1.0248,1.77137,2.27573,2.98309,3.66431,3.56866,1.51433,2.99383,4.42304,4.73203,3.57031,3.76005,3.57611,3.08375,4.80955,1.80541,4.11268,4.72159,4.99324,5.57585,5.58385,5.58833,2.71478,5.25433,4.17965,4.7305,5.25872,5.33574,4.63979,4.839,5.94288,5.18197,5.27231,5.13142,5.23121,3.52223,3.2166,5.129,5.94955,6.30047,4.87579,3.68649,3.33057,2.94541,2.69638,4.0924,4.15664,3.48063,5.04854,4.72057,6.16348,3.40195,4.0916,4.85592,5.99337
3.34265,2.36398,1.26332,2.66594,2.66386,0.421698,0.424435,2.86892,4.04511,2.1328,2.11109,2.06577,1.69874,0.924078,1.66557,2.17772,2.7998,3.51939,3.56994,1.52489,2.87701,4.35426,4.83165,3.68097,4.18512,3.41791,3.15257,4.86045,1.98688,4.19407,4.87191,4.9916,5.60782,5.82573,5.27167,2.71197,5.28648,4.1499,4.66687,5.37443,5.35785,4.69907,4.77393,5.84639,5.40312,5.54536,5.25183,5.30727,3.47655,3.20966,5.124,6.12367,6.15637,5.13703,3.25278,2.79959,2.73779,2.661,4.08057,4.23985,3.28223,5.14448,4.8407,6.16195,3.37777,3.68719,4.77728,6.08057
3.39123,2.2039,1.00546,2.49426,2.76772,0.52823,0.550417,2.9379,4.10911,2.27054,2.21037,1.96312,1.59484,1.21614,1.62813,2.02418,2.85913,3.58271,3.80216,1.6403,2.91563,4.25108,4.64126,3.25817,3.76619,3.54155,3.20633,4.88828,1.81994,4.11594,5.0683,4.95062,5.68176,5.87267,5.15879,2.70043,5.20493,4.2689,5.07392,5.43214,5.35725,4.60019,4.72561,5.8062,5.29886,5.51258,5.48624,5.50871,3.28975,3.33835,5.17088,6.04414,6.38006,5.35229,4.41007,3.26204,2.8613,2.79211,4.29534,4.17904,3.45665,5.08314,4.74233,5.65831,3.68689,3.57617,4.9211,5.92806
3.49927,2.04194,1.01624,2.16631,1.71892,0.496609,0.621396,3.29586,4.28096,2.18497,2.0694,2.06992,1.35283,1.15645,1.97037,1.80049,2.65388,3.46008,3.79194,1.81987,2.81208,4.40327,4.76159,3.32206,3.72992,3.81858,3.6212,5.12805,1.88812,4.07723,5.05793,4.96508,5.69351,5.86269,5.30222,2.29853,5.15071,4.3082,5.1376,4.99006,5.51756,4.51333,4.89163,5.84991,5.25436,5.6248,5.57531,5.3478,2.96893,3.29388,5.11348,5.93589,6.15834,5.24702,4.26793,2.74763,2.70016,2.9629,4.07633,4.03405,3.4445,4.7913,4.96001,5.85705,3.28934,2.89498,4.6648,5.93057
3.4973,2.19905,1.5564,2.28744,2.22613,0.420566,0.722911,3.43768,3.94232,1.7254,1.91563,1.94663,1.37944,1.19351,1.54697,1.82718,2.6504,3.40152,4.02185,1.84247,3.03148,4.63619,4.5189,3.73159,3.8568,3.64222,3.22188,5.09654,1.88537,4.02016,4.97391,4.86155,5.64052,5.91158,4.97995,2.51216,5.32059,4.02143,5.42779,5.19332,5.44888,4.38344,4.91916,5.78534,5.40619,5.4474,5.69283,5.41874,3.1642,3.56219,5.1066,6.25667,6.70924,5.08307,4.82965,2.57165,2.87437,2.75225,4.30312,4.17513,3.73517,4.78731,5.06788,5.67212,3.68363,2.42176,4.64998,5.96861
3.30062,2.66706,2.2308,1.69216,1.27823,0.459547,0.870252,3.30966,4.09297,1.82499,1.31075,1.93636,1.36989,1.75557,1.29388,1.45885,2.62277,3.40838,4.01586,1.95546,2.98565,4.61433,4.84474,3.44982,4.07928,4.00626,3.43193,4.88494,1.63594,3.77748,4.92048,4.84146,5.64223,6.08301,4.76296,2.30988,5.46283,4.07555,5.39366,5.28043,5.52482,4.64189,4.7626,5.86193,5.48499,5.64701,5.63625,5.35107,3.19335,3.42574,5.22416,6.12168,6.73669,5.1476,4.86359,3.4916,3.43699,2.86221,4.33578,4.14835,3.28068,4.89364,5.16791,5.85855,4.19863,2.29039,4.75354,6.08552
3.31481,2.89602,1.7263,1.958,1.47032,0.520352,0.989963,3.4787,3.66538,1.71744,1.34725,1.87284,1.54229,1.49723,1.56153,1.48564,2.37103,3.59638,3.99051,2.11161,3.13288,4.68118,4.59543,3.64549,3.64258,3.30911,3.1198,4.95089,1.72405,3.8248,4.66787,4.81718,5.49838,6.16865,4.46918,2.48168,5.24773,4.37612,5.23083,4.97445,5.55959,4.81781,4.79972,6.02539,5.08369,5.32929,5.79126,5.29851,3.57458,3.49584,5.18993,6.02333,6.86885,4.75732,4.45569,3.91206,3.53042,2.83608,4.38907,3.94269,3.3228,4.89665,4.82683,6.4076,3.86271,3.34343,4.45254,6.1164
3.35721,3.0572,2.45419,1.81509,1.8538,0.657495,0.971873,3.67986,3.39859,0.91615,1.57967,1.8393,1.43158,1.3561,1.39004,1.31274,1.84546,3.68478,3.9713,2.2211,2.98396,4.49502,4.55469,3.27583,3.73932,3.32638,2.97088,4.99941,1.59759,3.89408,4.56061,4.91416,5.34223,5.93598,4.74959,2.63937,5.09993,4.27117,5.64667,5.1491,5.36814,5.05278,4.85417,5.92725,5.16443,5.33805,5.58648,5.29927,3.54783,3.05785,4.92756,6.03729,6.72581,4.50977,3.76077,3.46452,3.32493,2.81465,4.4792,3.75271,3.31043,4.85309,5.06227,6.26098,3.80314,3.47545,4.55112,6.14848
3.44523,2.95423,2.61612,1.93486,2.12299,0.944214,1.12994,3.17329,3.25678,1.11403,1.69724,1.66308,1.47156,0.872196,1.25962,1.54514,1.83992,3.86025,4.10153,2.38103,3.19232,4.55242,4.72895,3.45139,3.77503,3.93257,3.69431,4.82647,1.60378,3.93753,4.46454,4.85504,5.38837,5.98784,4.862,3.63402,5.21119,4.34142,5.41661,5.36337,5.20943,5.07194,5.11591,6.04018,5.20579,5.54871,5.62057,5.3904,3.77798,3.27855,4.91125,6.04055,6.13075,3.87508,3.79406,3.76614,2.45677,2.3949,4.16058,3.8212,3.2991,4.8286,5.17288,5.88885,3.68181,2.90764,4.12657,5.70815
3.40073,2.789,2.3767,1.9316,1.82361,1.18282,1.08795,3.52867,2.95328,1.15939,1.57265,1.66832,1.03731,1.51214,1.22739,1.78773,1.81074,3.98999,4.04738,2.46907,2.93264,4.35915,4.67802,3.37599,4.20422,4.09346,3.17224,5.17808,1.4706,3.58479,4.46656,4.92373,5.36419,5.82464,4.89373,3.18864,5.26218,4.59774,5.34926,5.10082,5.52598,5.00969,4.92931,5.7238,5.51205,5.58208,5.7308,5.32714,3.59189,3.30001,4.92763,5.79308,5.34426,4.41211,3.7186,3.67679,2.50427,2.43793,4.26117,3.60053,3.05752,4.87411,5.00264,5.95381,3.38575,2.78858,3.67579,6.06176
3.48759,2.90449,2.44063,2.10339,1.91293,1.00744,1.26195,3.40379,3.17979,1.01344,1.60363,1.46202,1.17525,1.30403,1.0286,1.19431,1.84147,4.08809,4.08637,2.56634,3.01032,4.37724,4.51244,3.16249,3.67326,4.00637,3.50473,5.03739,1.56731,3.36497,4.51768,4.86753,5.33132,6.06158,4.55105,3.52994,5.14288,4.28888,5.64846,5.28713,5.62267,5.36044,4.77736,5.75907,5.12081,5.39664,5.68581,5.31022,3.42448,3.33169,4.99328,6.1769,6.39507,4.6249,3.7996,3.75311,2.50402,2.62204,4.19249,3.59937,3.1874,4.73216,5.02009,5.42417,4.04331,2.82718,3.98395,5.79353
3.6905,2.99193,2.61347,2.65334,1.74174,1.33144,1.06174,3.59839,2.99575,1.04098,1.20048,1.28634,1.65374,1.55947,1.29093,1.54674,1.71086,3.96447,3.96077,2.6985,2.90511,4.28437,4.21497,3.32482,3.40368,3.91013,3.0528,5.20237,1.4816,3.29039,4.2212,4.88123,5.46748,5.93219,4.45255,3.79051,5.04721,3.97165,5.65448,5.24962,5.63642,4.99544,5.12708,5.57212,4.74173,5.52956,5.24106,4.99625,3.51458,3.04256,4.72409,6.0002,6.56389,4.52971,4.16628,3.27563,2.0655,2.06283,4.02542,3.0459,2.8101,4.7346,4.72388,5.68957,3.51835,2.26516,3.8953,5.29167
3.81371,3.13843,2.82422,2.64546,1.96546,1.28607,1.1368,4.09506,2.82834,0.83908,1.56465,1.20801,1.72178,1.76588,1.35709,1.55893,1.75453,3.83003,3.84372,2.71843,3.14975,4.44537,4.33043,3.5625,3.64928,3.48827,2.63161,5.18538,1.76487,3.4695,4.16573,4.82138,5.31993,6.1857,4.61599,3.9536,4.68294,4.02407,5.25647,5.24488,5.46266,5.28335,4.94315,5.80775,4.8468,5.08718,5.70786,5.08948,3.3067,2.86143,4.79983,5.94683,6.9095,4.6454,3.91627,3.35464,1.78184,2.03765,3.75458,3.19218,2.80186,4.58372,4.85162,5.47603,3.66838,2.69467,3.79577,5.56607
3.74323,3.03923,2.78016,2.83783,2.58922,1.05492,1.17513,4.32893,2.70128,0.910473,1.50117,1.68477,1.89012,1.85377,1.43175,1.51874,1.65719,3.90129,3.75987,2.83529,3.10597,3.86296,4.31483,3.31175,3.52244,4.19809,2.81913,4.98417,1.82778,3.42942,4.13327,4.7728,5.22579,6.0926,4.3202,3.22155,4.58579,4.2237,5.53642,4.98032,5.37699,5.01303,4.88303,5.7035,5.2351,5.35784,5.78736,5.18882,3.32328,2.70518,4.00773,5.99753,7.14357,4.7883,4.08298,3.06262,1.50699,1.79318,3.47409,2.88511,2.67942,4.22433,3.82985,5.61498,3.41017,2.56285,3.58454,4.98101
3.74185,2.89798,2.66274,2.7245,1.96165,0.973231,1.28326,4.12781,2.74932,0.990894,1.6669,1.71706,2.09157,2.16855,1.33985,1.80897,2.06737,3.57245,3.60953,2.81288,2.99507,3.83863,4.05368,3.13851,3.93354,4.45313,2.74928,4.93842,1.6173,3.28758,4.07005,4.72888,5.26439,6.22396,4.14529,3.59503,4.59061,4.65545,5.6967,5.1835,5.48405,5.28226,5.33734,5.47647,4.99788,5.27424,5.72902,5.15742,3.04708,2.74948,4.10296,5.87918,6.98757,4.55003,3.53529,2.96098,1.60147,2.19259,3.29485,3.156,2.62248,3.80634,4.51873,5.77294,3.1949,2.26334,4.03092,4.24129
3.56006,2.79279,2.80355,2.76683,2.04199,0.969031,1.32261,4.42767,2.5881,1.05608,1.29978,1.83332,2.14434,2.02659,1.42951,1.58168,2.88338,3.51759,3.47868,2.81724,2.98231,3.59368,4.25816,3.23632,3.68267,3.97844,3.0741,5.14545,1.50224,3.21286,3.79972,4.61341,5.24276,6.22533,4.41094,3.29633,4.62306,4.97795,5.71064,5.11478,5.45544,5.17185,5.25814,5.73832,5.34955,5.34034,5.911,5.03804,3.27535,2.53087,3.72422,5.68904,6.66217,4.74663,4.41517,2.71883,1.68908,2.05895,3.4934,3.36559,2.56604,3.90968,4.672,5.95052,3.36719,2.14422,4.05386,4.5339
3.51168,2.81855,2.69164,2.75551,1.99676,1.07309,1.25737,4.01738,2.38988,0.677348,1.49234,1.82613,2.44397,2.25941,1.26034,1.52938,3.08612,3.54411,3.71387,2.80913,2.91782,3.34171,3.99169,3.09899,3.74701,4.22077,3.09846,4.98293,1.50022,3.49362,3.69207,4.6691,5.23044,6.08834,4.27197,3.95702,4.49801,4.95951,5.38844,5.31971,5.47365,5.00864,5.39779,5.66585,5.29168,5.0265,5.6121,5.30433,3.41332,2.56344,4.01315,5.48879,6.38893,4.79909,4.17585,3.2833,1.55619,2.27059,3.30011,3.17589,2.48934,3.99009,4.2483,5.24063,3.16034,2.48537,4.05203,3.89014
3.59114,2.80722,2.66088,2.80443,1.87226,1.08437,1.27183,4.03866,2.2246,0.538236,1.30666,1.85519,2.385,2.22764,1.39645,1.46088,2.55624,3.46577,3.68404,2.67276,3.01999,3.36313,4.02661,3.38471,3.35601,3.64756,2.86818,4.78677,1.80778,3.43707,3.78997,4.72914,5.35279,5.91275,4.57258,3.45423,4.49724,4.82708,5.3192,5.34033,5.55828,5.15564,5.36531,5.91978,5.11452,5.18938,5.85595,5.38518,3.35113,2.7353,4.45783,5.57763,6.15492,4.60449,4.20188,2.66892,1.70657,2.22715,3.45408,2.88827,2.2233,3.6655,4.46812,4.83333,3.06978,1.7067,3.72981,3.99942
3.6093,2.91351,2.66461,2.80504,1.829,1.03095,1.30827,4.02862,2.33421,0.711445,1.24529,1.82245,2.46773,2.28866,1.34728,1.57763,2.55418,3.53912,3.56956,2.60935,3.18406,3.43981,4.15992,3.30937,3.21342,4.04242,3.08341,4.77453,1.75149,3.25293,3.58598,4.7124,5.19995,6.01894,4.28398,3.42906,4.7109,4.82877,5.49686,5.26742,5.33383,5.03045,4.82432,5.90208,4.96547,5.1015,5.90302,5.39442,3.0292,2.72402,4.03202,5.5476,6.37971,4.74055,3.9373,2.61787,1.54969,2.38655,3.42753,2.92004,2.19934,3.95423,4.30777,4.9181,2.9787,2.18238,3.5535,4.64303
3.55924,2.75594,2.68115,2.82319,1.7474,1.06209,1.59688,3.57608,2.30592,0.704743,1.68851,1.51063,2.23708,2.41359,1.50516,1.56873,2.44221,3.48501,3.7634,2.61642,3.08307,3.37205,4.12385,3.18903,3.61687,4.65702,2.98303,4.82088,1.66288,3.114,3.7602,4.55926,5.14265,6.00511,3.4528,3.26812,4.59118,4.92677,5.49236,5.25299,5.25101,5.14692,4.96794,5.84557,5.17899,4.93007,5.69689,5.78613,3.07314,2.80908,3.56722,5.3317,6.49955,4.34585,4.56798,2.34405,1.54941,2.22513,3.48803,2.68394,2.60347,3.66384,4.29614,4.82903,3.11596,1.9224,3.42407,4.00615
3.60872,2.82524,2.66944,2.74308,1.85981,1.14725,1.50012,3.72448,2.18508,0.719331,1.58368,1.54454,1.86141,2.07647,1.54865,1.55775,2.33615,3.40293,3.67935,2.60539,2.95222,3.42774,4.04492,3.13441,3.67959,4.6483,2.78978,4.78483,1.66334,3.34706,3.84949,4.62503,5.14202,5.80213,4.06615,3.40366,4.57071,4.72411,5.55714,5.32588,5.2907,4.90494,5.14705,5.75546,4.97111,5.34819,5.55786,5.15741,3.43019,2.81906,3.61378,5.25809,7.29064,4.58595,3.43001,2.74227,1.69336,2.17417,3.81842,3.08212,2.6157,3.71367,3.79478,5.0682,2.96613,2.58478,2.99497,3.92793
3.76459,2.73958,2.5703,2.74276,2.03095,1.21063,1.5191,3.01201,2.4955,0.765706,1.76094,1.25096,1.92716,1.75898,1.6733,1.78126,1.92441,3.48479,3.91043,2.72377,2.81676,3.36448,4.24598,3.36858,3.93735,4.00143,2.63929,4.48349,1.78398,3.51929,3.75733,4.7848,5.13132,5.85801,4.07242,3.59559,4.90364,4.88511,5.37012,5.33114,5.16845,5.133,4.94908,5.50671,4.91645,5.28841,5.73457,5.27729,3.27488,2.95789,3.53355,5.4214,6.67472,4.83778,3.99773,2.62725,1.80307,2.20586,3.23805,3.02926,2.1958,3.19851,4.1607,5.16375,3.27535,2.05675,2.72625,4.19267
3.72985,2.87223,2.63195,2.82253,1.85049,1.1498,1.37046,3.36478,2.47757,0.579129,1.1988,1.06157,1.49955,1.78756,1.3431,1.95702,2.0323,3.52157,3.54929,2.65111,2.65125,3.37473,3.9692,3.34748,3.55576,4.27292,2.87891,4.62027,1.58373,3.38266,3.30087,4.74611,5.16577,5.82387,3.33834,3.04534,4.66678,4.66491,5.06095,5.04424,5.08494,5.02409,4.935,5.31085,4.56419,5.52232,5.47651,5.34551,3.42638,2.58959,3.52155,5.50036,6.95384,4.59912,3.84192,2.36486,2.10543,2.31536,3.37543,2.98748,2.39089,3.01173,3.59016,5.50463,3.39976,2.208,3.16847,4.03046
3.73465,2.85997,2.61379,2.9078,1.93353,1.04316,1.30195,2.35495,2.14429,0.625172,1.14737,1.05002,1.49137,1.73552,1.42011,1.90829,1.67706,3.48185,3.73351,2.73827,2.78445,3.70989,4.04973,3.35412,3.455,3.97096,2.60761,4.69197,1.77718,3.63826,3.43847,4.75876,5.08824,5.81087,3.39987,3.11464,4.4608,4.23188,5.23086,5.29348,5.33224,5.10988,4.76447,5.39898,4.66785,5.43952,5.52262,5.18876,3.31223,2.72196,3.23643,5.11792,5.79372,3.58392,4.44718,2.34893,1.55055,1.9568,3.41258,2.88543,2.83552,2.99183,3.61121,4.3973,2.61059,2.14636,2.41404,4.0249
3.8085,2.878,2.71199,2.75893,2.1585,1.19217,1.47589,3.30896,2.52658,0.995541,1.20674,0.996012,1.6425,1.60706,1.3731,1.55315,1.57048,3.76772,3.99365,2.74096,2.80958,3.69962,4.28958,3.43901,3.88547,3.46996,2.90419,4.6853,1.67864,3.6965,3.99441,4.80536,5.10955,5.80347,3.73187,2.70103,4.22451,4.10345,5.43252,4.99034,5.50519,4.8205,5.03732,5.68604,4.84785,5.10191,5.02493,5.38379,3.26727,2.72307,3.39856,5.35134,6.37006,4.0828,4.54095,2.26758,1.54543,2.17201,3.29586,2.88748,2.38198,2.87762,3.84453,4.96537,3.26269,2.31025,3.42884,4.05677
3.78619,2.75322,2.54848,2.48001,2.28758,1.17411,1.28525,3.18946,2.4704,0.975114,1.01159,0.876769,1.3749,1.47005,1.62732,1.2456,1.61039,3.83846,4.08328,2.62292,2.7341,3.88878,4.41891,3.29862,3.87642,3.50158,2.6597,4.80211,1.6749,3.63168,3.7366,4.79996,5.15956,5.80048,4.14143,2.77365,4.26204,3.99918,5.24035,4.92481,5.24427,4.74558,5.24327,5.32645,4.7701,5.48996,5.02412,5.2112,2.69369,2.68745,3.49278,5.09711,5.92407,3.8114,4.04271,2.2127,1.90692,2.62607,3.24142,2.93324,2.64432,2.9373,3.88068,4.75372,3.17288,2.39631,3.52289,4.34854
3.64353,2.76378,2.68823,2.2023,1.46819,0.847739,1.26874,2.92166,2.81125,1.14644,1.31281,1.01848,1.21188,1.25771,1.52529,1.37829,1.8878,3.87337,4.25432,2.54915,2.75964,3.97794,4.36961,3.29022,3.84291,3.27076,2.89244,4.8992,1.62323,3.78668,3.88471,4.82156,5.03709,6.14747,3.83781,2.60607,4.71303,3.89455,5.24741,4.95775,5.14263,4.65062,4.96131,5.50629,4.98217,4.91591,5.43887,5.27795,2.89999,2.5057,3.62584,5.21401,6.41792,3.98308,4.58817,2.72287,1.88305,2.37165,3.26486,2.94555,2.59249,2.97608,4.2647,4.6393,3.80078,2.61857,3.53095,4.36095
3.5955,2.89045,2.8943,1.80183,1.77987,0.650786,1.17271,3.27893,3.17295,1.80471,1.3988,1.08007,1.45263,0.846004,1.46494,1.675,1.95484,4.0337,4.01741,2.25484,2.8114,3.78951,4.29361,3.37416,4.15485,3.55513,2.89912,4.71544,1.73074,3.7051,4.1056,4.91592,5.10497,6.0695,3.57948,2.50057,4.8744,4.00323,4.93166,4.90747,5.42929,4.69069,5.01113,5.14979,5.28468,5.13423,5.04786,4.90334,3.20662,2.6591,3.81419,5.32504,6.56196,3.10916,3.96285,2.92598,1.76863,1.98157,3.156,3.09466,2.6123,2.94355,4.23676,4.57984,3.61471,2.49207,2.87936,4.37406
3.51813,2.86576,2.90913,2.08265,2.39022,0.414929,1.0516,3.03629,3.58579,1.52535,1.10739,1.32088,1.84411,1.28797,1.68239,1.83317,2.26221,3.9948,4.07067,2.44895,2.78604,4.10941,4.33135,3.42961,3.8783,3.98897,3.4696,4.64489,1.77749,4.00973,4.12901,4.94251,5.06658,6.03197,4.08311,3.21936,4.80411,3.82405,5.2281,4.84767,5.30887,4.85786,5.29842,5.60668,5.07394,4.98696,5.45585,5.31305,2.95535,2.69598,3.56249,5.33068,6.43367,4.19725,4.08485,3.55883,2.02508,2.44053,3.6924,3.18803,2.539,3.16375,4.36028,5.1855,3.46771,2.44541,3.43607,4.78987
3.20431,2.94009,2.52768,1.36034,1.82376,0.305203,0.983428,2.71721,3.86627,1.27599,1.38681,1.20142,1.80393,1.50514,1.48214,1.4865,2.68985,3.78024,3.91097,2.18343,2.82609,4.2523,3.99153,3.74358,4.02584,3.52109,3.39453,4.81286,1.89367,4.03204,4.09881,4.72369,5.21454,6.11047,4.32293,3.44404,5.08685,3.79501,4.69054,4.69031,5.18331,4.82386,5.54903,5.29824,5.40707,4.77209,5.24427,5.12265,2.73765,2.83767,4.13776,5.30371,6.083,4.98633,3.912,3.48817,1.59205,2.4058,3.64006,3.15257,2.59522,3.28675,4.17509,4.98121,3.30638,2.32204,3.23896,5.13949
3.01095,2.93427,3.06538,1.44534,1.63495,0.253698,0.811612,2.51602,3.70039,1.81132,1.51637,1.40134,1.98791,1.74845,1.39165,1.36169,2.02829,3.66027,4.25991,2.11104,2.8003,4.42611,4.38894,3.61107,4.00469,4.00316,3.99948,4.74118,2.12522,4.2812,4.42027,4.77183,5.14377,6.19434,4.39177,3.48677,5.2937,3.93952,5.01617,5.06711,5.23897,4.67879,4.76596,5.45469,5.01476,4.8842,5.12888,5.20956,2.82099,2.67595,4.2298,5.62955,6.20465,4.93795,4.63813,3.69411,2.06604,2.23845,3.45593,3.3552,2.75768,3.42754,3.98312,5.24384,3.85756,2.49782,3.55903,4.73991
3.01816,3.00133,3.21319,2.40849,2.61138,0.36883,1.19069,2.03499,3.60344,1.65882,1.1752,1.28854,2.11404,1.6642,1.51307,1.08902,2.14787,3.60303,4.31499,2.30146,2.77261,4.21423,4.28631,3.41742,3.80121,4.29384,3.19165,4.47854,1.93053,3.96312,4.39038,4.75918,4.96852,5.97656,4.25826,3.36199,5.25887,4.2433,4.79558,5.01654,5.44653,4.99544,4.77811,5.60134,5.04054,5.07121,5.53038,5.21444,2.6406,2.97534,4.03994,5.76063,6.55822,4.81733,4.27693,3.51061,2.47566,2.31825,3.30716,3.1535,2.75412,3.37836,4.7324,5.51227,3.78297,2.47704,3.58454,5.12041
2.90452,2.77602,2.92401,2.61051,3.15644,0.420021,0.804932,1.91317,3.99418,1.64948,1.245,1.63963,2.14434,1.27359,1.63213,1.33403,2.2312,3.55967,4.39454,2.28044,2.8546,4.53203,4.91465,3.23344,3.60214,3.70812,3.57685,4.93649,2.10205,4.18756,4.95435,4.79803,4.93869,6.2393,4.31273,2.86933,5.16509,3.72729,4.84995,4.51503,5.21687,4.96373,5.08095,5.65427,4.81082,5.00852,5.28865,5.26488,3.45908,3.31433,4.70378,5.8349,5.93157,4.31693,3.90681,3.36515,2.91297,2.45623,3.70444,3.47254,3.00722,4.3093,3.95655,5.41296,3.48677,2.67645,4.01247,5.32423
3.07916,2.18974,2.26473,2.55163,2.84,0.492059,0.654161,2.25814,4.39763,2.14659,1.69489,1.61002,2.29631,1.38269,1.79826,1.45032,2.49336,3.72676,4.05358,2.14053,2.90398,4.23125,4.62324,3.95621,4.21267,3.92131,3.29348,5.01749,2.2143,4.41748,4.93974,4.93475,5.00221,5.96055,4.46853,3.23262,5.06908,3.70283,4.79618,4.98478,5.19957,5.02033,5.31318,5.24772,5.22536,5.07363,4.90824,5.2862,3.7979,3.25468,4.45711,5.72949,5.86478,4.28571,3.80827,2.99152,2.19397,2.46862,3.45563,3.30809,2.82358,4.11031,4.18039,4.56267,3.67971,2.69671,3.79003,5.37711
3.13768,1.84359,2.06457,2.61638,2.59523,0.406137,0.586882,2.31301,4.1263,1.88702,1.74623,1.61434,2.445,1.43012,1.56275,1.20628,2.72252,3.62834,4.05395,2.11482,2.78352,4.23006,4.65265,4.06981,3.94717,4.08437,3.56726,5.03937,2.31148,3.74182,4.82141,5.08408,4.86861,5.98297,3.68148,2.93247,5.08856,3.59529,4.78091,5.07348,5.13423,4.74044,5.04541,5.5094,5.4049,5.32546,5.53422,5.13863,3.18636,3.19976,4.45728,5.72761,5.88779,4.3686,4.23086,3.3306,1.77425,2.4818,4.12597,3.56204,2.99029,4.21161,4.21827,4.86857,3.08637,2.81822,4.00156,5.45198
3.22593,1.6713,1.51231,2.46321,2.86728,0.529864,0.573879,2.43534,4.19293,1.60129,1.62938,1.54139,2.19631,1.47944,1.44477,1.42614,2.76476,3.68649,3.9175,1.98662,2.83653,4.34622,4.72505,3.62261,3.68675,3.84264,3.12257,4.98085,2.35967,3.91752,4.75726,4.95265,4.93362,6.03116,4.22032,2.90336,5.18707,3.81978,4.74357,4.84931,5.23049,4.63564,4.59847,5.62301,5.53252,5.0387,5.31774,5.13948,3.55483,3.14185,4.73059,5.6998,5.89396,4.09745,4.43214,3.82481,1.99207,2.56693,3.90022,3.46478,3.14991,4.39607,4.27146,4.6798,3.13742,3.58848,4.23444,5.61288
3.37046,1.87437,1.50657,2.46272,2.80482,0.380903,0.427268,2.37019,4.3066,1.87898,1.89545,1.79834,2.19191,1.6736,1.60078,1.58851,2.94099,3.66565,4.0473,2.01137,2.75986,4.34121,4.66104,3.95745,3.91193,3.63848,3.76043,5.10884,2.49389,4.10242,5.02652,5.05723,4.997,5.93969,4.78234,3.07197,5.40232,3.7681,4.93778,4.60764,5.29632,4.7176,4.85236,5.62798,5.36134,5.06433,5.43739,5.48208,3.52473,3.24855,4.92101,5.98945,6.047,4.56741,4.69814,3.40116,1.87126,2.72676,4.02217,3.65044,3.06779,4.71146,4.68028,5.24449,3.42838,3.06619,4.42573,5.51463
3.50326,2.07099,1.25816,2.55251,2.94472,0.4054,0.459545,2.50783,4.35268,2.02692,2.19081,1.86017,2.10675,1.74865,1.53804,1.47751,3.29569,3.71203,4.02819,1.95683,2.75074,4.25611,4.62747,3.62391,4.21113,4.44429,4.04626,5.10264,2.38415,4.15009,5.01497,5.11149,5.19056,5.86399,4.56663,2.7127,5.29631,3.8265,4.48647,4.69715,5.34866,4.64123,4.86376,5.78336,5.37998,4.89318,5.32181,5.25397,3.30118,3.21673,5.12803,6.05461,6.03889,4.77818,4.4347,3.74143,1.7964,2.76179,4.27345,3.53469,3.01408,4.70019,4.69647,5.68775,3.58072,3.40086,4.29273,5.41522
3.34275,2.11935,1.35441,2.56474,2.84224,0.424093,0.445297,2.62713,4.20087,1.96482,1.93314,2.15867,2.00725,1.82624,1.72022,1.36642,3.1317,3.60671,3.99439,1.97198,2.82465,4.44921,4.73521,3.65685,3.95006,3.97335,3.96539,5.20758,2.08359,4.33598,4.75878,5.09807,5.30926,5.84839,4.75592,2.92869,5.29267,3.95878,4.44405,4.83061,5.14001,4.74359,4.87685,5.68633,5.17598,5.60851,5.51654,4.98133,3.59694,3.36403,5.03114,6.14751,6.21329,4.91433,4.47431,3.74205,2.41333,2.79577,4.34615,3.7189,3.21902,4.87085,4.81988,5.73597,3.51315,3.56634,4.49259,5.49572
3.32756,2.08972,1.41583,2.59094,2.92972,0.400028,0.493609,3.05796,4.1654,1.70132,1.88228,2.09521,1.8071,1.59769,1.64193,1.49222,3.31672,3.52966,3.96038,1.87578,2.89378,4.35908,4.61515,3.62658,3.95587,3.97892,3.47427,5.24194,2.29175,4.07513,4.71356,5.10273,5.44585,5.84956,4.89355,3.12741,5.42897,3.64219,4.63172,5.28116,5.35732,4.61243,4.9676,5.74348,5.24711,5.33247,5.61214,5.11387,3.39825,3.27777,4.95256,6.26506,6.32205,4.71361,4.68974,3.83679,2.03827,2.64463,4.45913,3.60956,3.04346,4.77594,4.59112,5.70942,3.4611,3.46094,4.35338,5.58207
3.45798,2.11441,1.31025,2.56925,2.78971,0.44323,0.482678,2.89644,4.16192,1.878,1.87083,2.24459,1.78806,1.60944,1.69004,1.96966,3.21378,3.48773,3.90227,1.91797,2.87601,4.41695,4.77082,3.62207,3.82226,4.25914,3.93948,5.07614,2.16991,4.21098,4.40292,5.06986,5.371,5.8536,5.23263,3.19991,5.42505,3.74337,4.76492,5.19153,5.35833,4.53833,5.09059,6.04798,5.45857,5.17359,5.46254,5.18113,3.32183,3.46283,4.74328,6.20299,6.08724,4.87447,4.65137,4.132,2.12289,2.48233,4.03722,3.71748,3.20262,4.82459,4.887,5.6365,3.74751,3.29597,4.70295,5.53515
3.42179,2.07404,1.31897,2.63629,3.00686,0.416502,0.56795,3.17825,4.11331,2.25615,1.95456,2.1577,1.80632,1.52713,1.69083,1.8726,3.21619,3.51968,3.77055,1.72735,2.89242,4.28277,4.84041,3.60007,3.87397,4.24442,3.91057,5.13851,2.08623,4.18423,4.43201,5.01492,5.28755,5.74556,5.09924,3.1052,5.44916,3.92761,4.46994,5.33393,5.43237,4.82441,5.01279,5.71885,5.33153,5.07095,5.63322,5.22313,3.13515,3.24783,5.08637,6.22916,5.93966,4.85999,4.48655,3.87633,2.16902,2.65788,4.00399,3.8253,3.24051,4.81997,5.28506,5.46501,3.62253,3.25959,4.39947,5.64398
3.53686,2.05572,1.61084,2.57202,2.65105,0.545138,0.601807,3.01421,4.26054,2.15152,1.74383,2.04101,1.77278,1.30757,1.6981,1.67144,3.21657,3.43408,3.89907,2.05881,3.02512,4.39589,4.78551,3.65025,4.05951,4.40875,3.70503,5.01794,2.03133,3.96484,4.51652,5.04122,5.22659,5.87004,4.48332,3.04986,5.18122,3.81708,4.43527,5.40817,5.3222,4.78566,4.97525,5.73725,5.39967,5.57653,5.52206,5.3223,3.28602,3.27,4.90209,6.09066,6.11711,4.4967,4.25995,3.44078,2.5098,2.64317,4.16396,3.87631,3.23616,4.94782,5.02556,5.6306,3.36334,3.48206,4.24837,5.61661
3.26437,2.25209,1.79375,2.20977,2.21184,0.604073,0.632145,3.30457,4.12957,2.13155,1.25742,2.00267,1.50801,1.44595,1.74546,1.48501,2.98391,3.471,3.7501,1.84592,3.08715,4.44215,4.68525,3.56518,4.09074,3.90115,3.74834,5.22903,1.93811,3.70631,4.60978,4.93174,5.35367,5.56707,4.46137,2.90919,5.27073,3.81522,4.7336,5.16783,5.44902,4.78485,4.57657,5.81292,5.15525,5.3585,5.23593,5.24711,3.30707,3.55198,5.07686,6.22409,6.52108,4.13725,4.39822,2.68529,2.17905,2.7857,4.28685,3.81416,3.24666,5.16174,4.81225,5.47255,3.3437,3.18938,4.4885,5.67303
3.34607,2.70905,2.17251,2.2452,1.93225,0.493526,0.675507,3.50394,3.83486,1.5757,1.57716,1.80301,1.48236,1.22991,1.68767,1.52321,2.95998,3.49312,3.95518,1.98533,2.98016,4.31009,4.70536,3.68582,3.36251,3.79451,3.51447,5.46353,1.91269,3.81572,4.73157,4.97517,5.41602,5.8958,5.01708,3.41999,5.27193,4.08148,5.0584,5.28329,5.39493,4.8391,4.60315,5.82628,5.56208,5.44871,5.28581,5.42663,3.4893,3.59532,5.05898,6.17539,6.39103,4.82422,4.39138,3.27973,2.29589,2.82198,4.11987,3.83452,3.29601,5.12245,4.82453,5.71302,3.2991,3.83575,4.45155,5.63255
3.27572,2.96063,2.72199,2.34881,1.36884,0.471806,0.839768,3.2527,3.90225,1.81013,1.52557,1.96453,1.43286,1.81404,1.3512,1.78228,2.64541,3.53345,3.88631,2.11778,3.01118,4.25887,4.81284,3.48424,3.90502,4.10141,3.78181,5.14753,1.86138,3.69176,4.62147,4.80336,5.50564,6.09524,4.41783,3.33077,5.27694,3.73916,4.96909,5.4604,5.31061,4.59159,4.65126,6.14081,5.31558,5.31132,5.40427,5.54863,3.45265,3.75024,5.11145,6.23381,6.66073,4.35534,3.98914,3.33708,2.17424,2.82135,4.18919,3.69797,3.28111,4.98104,4.96671,5.69176,3.07329,3.81452,4.42896,5.34397
3.22975,2.95839,2.67255,1.345,1.11004,0.481826,1.00321,3.57533,3.72031,1.50655,1.49038,1.86267,1.55146,1.69507,1.56258,1.54352,2.11258,3.74655,3.90342,2.21879,3.06551,4.2784,4.72306,3.64249,3.95546,3.6983,3.44002,5.40522,1.59185,3.69931,4.48688,4.81681,5.54102,6.31307,4.74539,3.69421,5.26588,4.07961,5.33314,5.25478,5.25388,4.72734,4.66917,5.91802,5.37979,5.66221,5.88439,5.50598,3.33915,3.57442,5.0542,6.16759,6.61696,4.30356,4.30578,3.00892,2.34523,2.42087,4.31194,3.62714,3.29342,5.15368,4.73475,5.67626,3.28308,3.03658,4.24329,5.70862
3.40577,2.92254,2.71098,1.85853,2.12693,1.22653,1.1097,3.27536,3.37302,1.09681,1.44889,1.77862,1.13932,1.39511,1.31324,1.61073,1.78237,3.86439,3.92141,2.18176,3.0267,4.4821,4.54811,3.67898,3.56531,4.05119,3.63973,5.08664,1.38201,3.33328,4.38526,4.72742,5.51417,6.00698,4.68616,3.72245,5.107,4.04703,5.42515,5.20069,5.23679,4.91864,4.67616,5.86854,5.23625,5.49307,5.70668,5.46679,3.3034,3.57436,4.91071,5.94326,6.50576,4.89585,4.11868,3.9822,2.5361,2.6429,4.13992,3.92417,3.26342,4.55649,5.13839,5.6693,3.67112,2.97185,4.38617,5.60154
3.48658,3.06269,2.73351,2.16575,1.63347,1.55325,1.25768,3.6605,3.10524,1.32074,1.53502,1.76104,1.29298,1.1399,1.47693,1.6839,1.7798,3.87459,3.78427,2.3498,3.54027,4.56043,4.55089,3.67953,3.72241,4.00649,3.04309,5.26381,1.57722,3.90316,4.45718,4.74982,5.52565,6.00664,5.10408,3.08662,4.94935,4.34509,5.5855,5.17216,5.5191,4.95566,4.74697,5.45031,4.62631,5.15603,5.40983,5.18554,3.26387,3.56636,4.72112,6.2932,6.84593,4.70493,4.11811,3.35877,2.13079,2.28477,3.61523,3.98541,3.16014,5.02727,5.17544,5.71142,3.42959,2.82153,3.96184,5.5224
3.56524,3.19381,1.96027,1.94696,1.74863,1.34591,1.12712,3.90708,3.0853,1.06197,1.35084,1.32279,1.23481,1.56172,1.33656,1.80029,1.79969,3.90272,3.87425,2.36007,3.27527,4.54472,3.97261,3.26195,3.47182,4.2272,2.90859,5.20594,1.34862,3.39072,4.18675,4.91542,5.39275,5.8557,5.19147,3.05237,4.77469,4.1309,5.65848,4.8883,5.54816,5.10635,4.82012,5.62249,4.77885,5.15328,5.47873,5.16358,2.61681,3.21912,4.67685,6.21248,6.5483,3.87446,3.34065,3.693,2.21389,2.53714,3.5974,4.04405,3.10457,4.63172,4.55726,5.48845,3.04445,3.55449,3.03495,5.52178
3.48079,3.13149,2.15595,2.18677,1.60772,0.933978,1.2616,3.54979,3.26357,1.13325,1.64608,1.38991,0.933705,0.90863,0.860436,1.58973,1.53742,3.80182,3.82395,2.23111,3.33581,4.47258,4.13137,3.24508,3.45086,3.45524,2.89893,5.22868,1.32901,3.13373,4.34403,4.89762,5.45379,6.00092,4.94694,3.37873,4.6527,4.6385,5.50181,5.04194,5.60613,4.9499,5.07616,5.81384,5.04373,5.40649,5.95647,5.47938,2.62834,3.15782,5.09431,5.81993,6.71381,4.42817,4.43221,4.48698,2.37631,2.32117,3.59038,3.85959,2.97118,4.75509,4.80793,5.811,3.28279,3.56383,3.42413,5.43278
3.69351,3.16856,2.26135,2.04291,1.23173,0.875963,1.28846,3.83343,2.53446,1.53395,1.2733,1.11139,1.70332,1.42499,1.16497,1.20893,1.3761,3.74941,3.79648,2.31754,3.13761,4.28708,4.05356,3.10778,3.44608,4.17488,2.35623,4.93328,1.43165,3.3339,4.15267,4.73927,5.39181,5.97437,4.48824,4.13602,4.58222,5.07397,5.50864,4.74426,5.95057,5.4818,4.92209,5.76567,5.09386,5.15796,5.85994,5.02134,2.62821,3.02817,4.67967,5.83755,6.93261,3.96275,3.78686,3.14885,2.40188,2.50242,3.41134,3.6012,2.63068,4.65816,5.18689,5.85241,2.78207,3.9142,3.94106,5.64227
3.46681,3.10953,2.31814,2.19705,1.54804,1.05718,1.2736,4.10616,2.60901,1.9024,1.70313,1.59388,1.6182,1.43923,1.39127,1.24191,1.69342,3.77068,3.72329,2.38704,3.09928,4.39696,4.34748,3.09162,3.45081,3.97487,2.43259,5.42901,1.37012,3.45378,3.93016,4.87712,5.58691,5.9338,4.38062,4.0202,4.53729,4.7197,5.44861,4.93962,5.81725,5.24107,4.82279,5.82895,4.84083,5.08781,5.76872,5.23437,2.61579,2.75129,5.02561,5.68308,7.13353,4.36038,3.78956,4.36552,2.31297,2.041,3.74082,3.31,2.96865,4.98454,4.34744,5.53702,3.05188,3.50585,3.44264,5.92435
3.44486,3.04573,2.24689,2.31116,1.95717,0.994724,1.3186,4.50696,2.5088,1.93781,1.59874,1.69702,1.83677,1.70299,1.38097,1.09726,1.38103,3.89259,3.61771,2.44629,3.08898,4.32698,4.24728,3.19562,3.22809,3.72837,1.87621,5.26798,1.47892,3.18168,3.93876,4.83728,5.64953,5.76882,4.95361,3.80762,4.47159,4.73962,5.14078,4.84047,5.76377,5.4036,5.23373,5.24161,4.7348,5.23371,5.1982,5.42794,2.64576,2.69259,4.75289,5.49091,5.98085,4.10872,3.55563,3.18019,1.67042,2.1751,3.91972,3.26279,3.13245,4.90906,4.6979,4.87674,3.3095,1.9774,3.00812,5.28456
3.45182,3.01986,2.0672,2.32415,1.75911,1.14315,1.44803,4.37455,2.25127,2.22306,1.62948,1.79764,1.97727,1.46204,1.13309,1.46223,1.72923,3.70553,3.59036,2.53978,3.00945,4.04241,4.02533,3.24329,3.52411,3.84797,2.10105,5.39082,1.51255,2.74426,3.51174,4.79525,5.48674,5.91376,5.27707,4.2513,4.62353,4.66645,4.95234,5.30131,5.77359,5.33838,5.41124,5.64997,4.60813,5.41373,5.35989,5.2506,3.03103,2.35447,4.61417,5.85037,6.84474,4.34006,3.7133,3.45639,1.39657,2.23904,3.84582,3.56967,3.0527,4.99091,4.66655,5.11928,3.91499,2.28155,3.29679,5.64335
3.45347,3.15559,2.03199,2.3347,2.11144,1.17046,1.49421,4.6625,2.0936,2.19839,1.07877,2.02276,1.98844,1.43332,1.08433,1.63068,2.30131,3.55299,3.5526,2.60773,2.72806,3.83861,3.51994,3.20935,3.31264,4.09635,2.12127,5.19039,1.55926,2.81528,3.59334,4.73316,5.46071,5.79465,4.38954,4.27507,4.35868,4.17042,4.25028,5.20665,5.65857,5.53478,5.12685,5.92934,4.8055,4.79758,5.23161,5.13421,3.04113,2.5337,4.06659,5.69431,6.17639,4.24451,4.11613,3.21306,1.30873,1.92676,3.75853,3.36858,2.81391,4.65274,4.2412,4.53244,2.92911,2.31636,3.47981,4.53055
3.45305,2.99744,1.89992,2.54384,2.06678,1.34668,1.75502,4.06245,2.02215,2.08751,1.41517,1.89671,1.97993,1.34739,1.17559,1.40127,1.70557,3.58226,3.76228,2.69093,2.97882,4.00132,3.61671,3.3205,3.33378,3.86099,2.41413,5.22448,1.4959,2.5859,3.50404,4.79185,5.51548,5.94338,4.93601,3.99264,4.25305,4.63123,5.16913,5.31693,5.79044,5.42596,5.43439,5.77037,5.04856,5.22712,5.58515,5.23915,3.06363,2.22197,4.3929,5.40579,5.75092,4.33151,4.27966,3.7598,1.97596,1.99353,3.75467,3.1713,2.91092,4.72855,4.46785,5.05279,3.13045,2.40485,3.66743,4.7274
3.35686,2.7708,1.90451,2.50183,2.12199,1.51309,1.56476,4.34449,2.24036,1.49232,1.77991,1.70752,1.83793,1.50897,1.39371,1.47568,1.23872,3.50141,3.40257,2.39042,2.75502,3.88493,3.56419,3.08717,3.29653,3.94542,2.17896,5.36551,1.38495,2.46108,3.31344,4.78979,5.50403,6.05639,4.90557,4.26721,4.263,4.81094,5.06959,4.98931,5.83719,5.2643,5.35902,5.77259,4.90673,5.00137,5.50473,5.12134,3.15464,2.32135,4.03759,5.1905,6.62866,4.35789,3.75635,3.31572,1.29559,1.96755,3.41083,3.0377,3.01572,4.72166,4.16499,4.78005,3.14773,2.62602,3.3715,4.13378
3.45491,2.79779,1.94037,2.50106,2.22958,1.44959,1.88777,4.26703,2.13964,1.31659,1.77047,1.76263,1.83212,1.54956,1.2578,1.31296,2.72731,3.34583,3.57766,2.37829,2.51447,3.61317,3.62197,3.04681,3.84197,3.80657,1.99512,5.31065,1.45689,2.39941,3.28376,4.79007,5.43623,5.76905,4.40827,4.73525,4.25936,4.94738,5.27156,5.19244,5.80042,5.31727,5.39808,5.62197,5.06505,5.40623,5.439,5.51986,3.14566,2.44545,3.75159,5.30267,6.43968,4.47295,3.66298,3.57498,1.29911,1.84757,3.55906,3.0951,2.77372,4.37125,3.83663,4.82788,3.12218,2.13781,3.08477,4.59551
3.43755,2.68611,1.92297,2.42368,2.2782,1.38566,1.75832,4.26307,2.16682,1.48549,1.83245,1.57927,1.56959,1.22217,1.31455,1.46121,2.7666,3.49424,3.42464,2.18164,2.67329,3.40117,3.45322,3.29259,3.64031,3.91015,1.78961,5.09927,1.25484,2.4652,3.19602,4.86051,5.39287,6.12191,4.65159,4.76863,4.06323,5.09998,5.33601,4.77969,5.76025,5.2126,5.24281,5.31196,4.93566,5.03856,5.57349,5.12005,3.32337,2.35679,3.70996,5.2707,6.62637,4.065,2.24322,2.40058,1.01255,1.70494,3.46282,3.04284,2.58251,3.65036,3.53261,4.23862,2.88906,1.91543,3.23779,4.22335
3.38501,2.66739,1.96218,2.50398,2.33706,1.46974,1.86535,4.00638,2.33441,1.10276,1.74671,1.61457,1.71626,1.53093,1.23061,1.58844,3.3516,3.51586,3.25231,2.36271,2.72648,3.55508,3.56173,3.05944,3.74142,4.23561,2.39094,5.16858,1.2926,2.49862,3.16974,4.84865,5.38632,5.98864,4.56911,4.41893,4.30579,5.05839,5.16414,5.2631,5.70338,5.25725,5.44896,5.62174,4.71317,5.28019,5.77162,5.43592,3.315,2.32166,3.88849,5.4112,6.49237,4.09028,3.43132,2.74618,1.20425,1.80518,3.54036,2.93531,2.78349,3.88357,4.05178,4.31601,2.85094,2.14479,2.9948,3.96484
3.29559,2.71637,1.96553,2.52255,2.18259,1.33506,1.57371,3.75311,2.2479,0.961334,1.44718,1.53431,1.49963,1.81852,1.44327,1.68888,3.27813,3.44342,3.32799,2.20062,2.5784,3.45074,3.29953,3.14153,3.64042,3.87822,2.32899,5.00652,1.38687,2.57705,2.99323,4.77964,5.31027,6.04618,4.75094,4.57043,4.39578,5.00634,5.44484,5.53186,5.90384,5.13415,5.25585,5.57323,4.70527,5.00645,5.84754,5.20225,3.7678,2.2697,3.85082,5.47808,7.02747,4.3263,4.20076,3.01233,1.25997,1.92556,3.70699,3.09285,2.81302,3.85019,4.12423,4.9159,3.21246,2.48982,3.3538,3.65563
3.4299,2.84575,2.07672,2.46523,2.10034,1.35441,2.32283,3.79416,1.92672,0.971613,1.24831,1.52057,1.42424,1.81032,1.46342,1.64811,3.4846,3.35704,3.38452,2.28079,2.67875,3.53126,3.58526,3.07001,3.59246,4.06288,2.69408,5.19098,1.2835,2.73225,2.86305,4.82228,5.35417,5.98426,4.25171,4.36267,4.31703,4.80178,5.3826,5.52479,5.76596,5.10209,5.47454,5.60572,5.12425,5.10724,5.87599,5.27223,3.49466,2.06825,3.53478,5.21758,6.70304,4.37032,3.8054,3.1404,1.34606,1.89001,3.55106,3.00055,2.67227,3.51763,4.02885,4.68034,3.17756,2.11095,2.96501,3.88965
3.33993,2.91659,2.15333,2.52921,2.0969,1.33224,1.91376,3.73204,1.99901,0.703121,1.10552,1.69368,1.71461,1.8203,1.50398,1.35241,3.59558,3.23588,3.14166,2.06727,2.6423,3.77832,3.51807,3.01831,3.37408,4.21742,2.32973,5.13363,1.22173,2.89692,2.70587,4.78653,5.2819,6.03826,4.09765,4.32435,4.51952,4.81254,5.23477,5.25657,5.79918,5.19379,5.31102,5.5091,5.0987,5.1053,5.68234,5.536,3.63292,2.24276,3.42608,5.26549,6.83325,4.45016,2.56757,3.33124,1.43092,1.82541,3.75733,3.05092,2.8644,3.57544,3.78885,4.77843,2.71152,2.26232,2.99325,3.79492
3.34667,2.96352,2.2544,2.6101,1.87151,1.31178,1.75059,3.87333,2.59068,0.91154,1.08028,1.82231,1.92483,1.65072,1.51007,1.19801,3.88444,3.517,3.36449,2.40083,2.8786,3.64791,3.72502,3.40115,3.84153,3.75401,2.1602,5.23094,1.23639,2.77958,3.0804,4.8234,5.39169,6.0172,4.7811,4.55004,4.43458,4.67104,5.34697,5.32332,5.76775,5.11409,5.49824,5.42303,5.00951,5.09339,5.69148,5.53787,3.18082,2.30646,3.20935,5.04123,6.60541,4.63016,2.99838,3.01597,1.89503,1.99632,3.43047,2.86306,2.5873,3.94612,3.91173,4.82169,3.04567,2.26059,3.07824,4.20072
3.39647,2.86233,2.38866,2.71121,2.10215,1.1853,1.72652,3.51733,2.40932,0.811017,1.10111,1.84744,2.00096,1.48953,1.26951,1.12684,3.57557,3.50319,3.3236,2.27809,2.73268,3.62743,3.93115,3.30753,3.85084,4.25824,2.36709,4.81853,1.23059,2.84733,3.19872,4.93435,5.42804,6.30311,4.0482,3.82243,4.36863,4.52577,5.10667,5.22892,5.67156,5.293,5.21967,5.47247,5.17127,5.11283,5.79775,5.42367,3.16222,2.42639,3.26745,5.01736,6.01089,4.45565,3.56761,2.78271,1.59655,1.96364,3.19518,2.88316,2.66132,3.79988,3.80747,4.3486,3.43941,1.80296,3.02078,4.47626
3.35341,2.90106,2.53582,2.65676,1.86976,1.37175,1.53787,3.55365,2.40217,0.653636,1.3505,1.44199,1.96774,1.45514,1.34671,1.06848,3.10576,3.54148,3.68649,2.31911,2.82438,3.48536,3.89236,3.26353,3.72553,3.6951,2.99389,4.89224,1.32024,2.90062,3.61858,4.81139,5.32949,6.33818,4.14013,3.20269,4.08787,4.44435,5.30094,5.14041,5.67502,5.09766,5.43259,5.38815,5.03064,5.23158,5.52991,5.48857,3.14657,2.3835,3.57035,5.28557,6.80484,4.32217,4.53468,2.51364,1.68953,1.8662,3.42905,2.81344,2.85476,3.59367,4.0621,5.12578,3.35668,2.36362,3.3232,4.03608
3.41223,2.88565,2.61715,2.37231,1.54929,1.3205,1.39403,3.46582,2.48572,0.710447,1.16566,1.58644,1.97344,1.89532,1.16863,1.63087,3.16961,3.53477,3.52559,2.38734,2.78782,3.50106,3.83085,3.13761,3.93201,3.37913,2.70997,5.08818,1.3219,2.94052,3.46199,4.87818,5.25295,6.44267,3.97991,3.80867,4.10299,4.27045,4.84409,5.26162,5.69979,5.0019,5.12704,5.28485,5.11986,4.8829,5.64005,5.05396,3.41781,2.70005,3.64327,5.16855,6.64291,4.21223,4.53043,2.44899,1.53545,1.75672,3.19694,2.9301,2.78524,3.7411,4.33616,4.69871,3.61776,1.6468,3.33731,4.2401
3.46564,2.93815,2.67109,2.79992,1.56004,1.36935,1.7021,3.84299,2.56337,0.797892,1.26183,1.69299,2.05561,2.04226,1.24556,1.7131,3.0554,3.67825,3.8056,2.51055,2.73572,3.59354,4.04862,2.80131,3.6063,3.53,2.8345,5.09753,1.24153,3.20426,3.88354,4.85569,5.25495,6.57437,4.10546,3.44736,4.40202,4.32943,4.77711,5.37737,5.47598,5.0616,5.24063,5.56904,5.32438,5.2261,5.44983,5.18931,3.39488,2.43303,3.75629,5.20295,6.77037,4.73184,4.98388,2.83255,2.04669,2.31949,3.12735,2.93051,2.97305,3.75666,4.21264,4.83163,3.34713,2.01562,3.26574,4.0054
3.68333,2.9498,2.63056,2.85019,1.93542,1.21959,1.74182,3.76226,2.56994,0.928759,1.08647,1.3611,1.54638,1.57975,1.23306,1.86595,1.89,3.59828,3.47993,2.65098,2.80505,3.61513,4.30413,3.02499,3.84816,4.41197,3.07646,4.97005,1.26602,3.19944,3.81475,4.96917,5.2526,6.557,4.4158,3.99725,4.3267,3.93743,4.8611,5.079,5.52392,4.91857,5.16067,5.51265,5.50558,4.43778,5.71986,5.04397,3.47026,2.55812,3.51745,5.15725,6.45591,4.30469,4.14003,2.85119,1.36299,1.79269,3.09383,2.93674,2.87024,3.7213,3.63034,4.29194,3.29399,1.90023,2.76269,4.6301
3.66828,3.0302,2.82008,2.77407,1.93654,1.55114,1.67692,3.75898,2.48984,1.05518,1.51798,1.35231,1.86066,1.69292,1.3407,1.63825,1.90367,3.76813,3.34314,2.46285,2.71715,3.84531,4.12594,3.22813,3.82515,4.1932,2.13143,5.11907,1.51531,3.40584,4.4871,5.0024,5.20557,6.66516,3.85972,3.90711,4.4415,3.66302,4.73887,5.00157,5.50099,4.95744,5.06362,5.70902,5.62522,5.09465,5.78819,5.01792,3.51757,2.44673,3.37169,5.30744,6.98178,3.38927,2.29441,1.86507,1.18684,1.73367,3.06467,3.27282,3.09697,4.04043,3.32153,3.95957,3.0093,1.26425,2.20102,4.63989
3.83811,2.99905,2.69416,2.75906,1.83869,1.42958,1.70519,3.62255,2.69859,1.24938,1.52008,1.1343,1.2367,1.13224,1.08696,1.70104,2.05916,3.65863,3.296,2.20594,2.72456,3.84038,3.6434,3.2416,3.91104,3.85085,2.91039,4.8041,1.66881,3.72763,4.78681,5.02213,5.08464,6.56593,4.11879,3.60649,4.74253,3.57945,4.50968,4.67273,5.38614,5.12371,5.39154,5.48392,5.13828,4.35139,5.42661,4.97666,2.99617,2.22692,3.12442,5.38994,6.25609,4.25632,5.06246,1.82425,0.805573,1.70059,3.19453,3.29392,2.89197,3.85762,3.72302,3.53314,3.77906,1.58268,2.55905,4.226
3.76895,2.86149,2.57776,2.79816,2.23553,2.05134,1.47881,3.63539,2.40729,1.48699,1.34115,1.3741,1.00821,1.61278,0.928661,1.37121,1.93349,3.75182,3.55684,2.47091,2.72678,3.63855,3.92844,3.38075,3.97186,4.22094,3.23605,4.97606,1.77639,3.57314,4.75049,4.93794,5.20634,6.60443,4.27412,4.11024,4.23774,2.79897,4.24005,4.68516,4.81221,5.01509,5.00999,5.38057,5.02189,4.41076,5.63738,4.94905,3.57178,2.0018,2.97636,5.14209,5.66023,4.36004,2.39782,2.11845,0.601834,1.10112,3.17294,3.26008,2.25487,3.93544,2.85617,1.68483,2.81341,0.559889,2.39158,3.19067
3.75435,2.76116,2.62339,2.97216,2.42715,2.30949,1.52517,3.70826,2.30078,1.10075,1.43426,1.87357,1.69518,1.11834,1.00512,1.64383,2.16687,3.84313,3.59507,2.07303,2.55971,3.90464,4.1803,3.27447,2.93207,4.34995,2.92499,5.07182,1.79882,3.64674,4.66847,5.19522,5.4642,6.7999,4.12252,3.34328,3.8163,2.41616,4.07499,4.62231,4.6049,4.70855,4.76723,5.4242,5.14837,5.28583,5.65054,4.58522,3.83098,1.58743,1.82639,4.25076,5.33361,3.61589,3.01557,1.06744,0.583925,0.928887,2.29799,2.75911,2.07997,3.11609,1.97622,1.87868,3.32426,0.753485,1.44197,2.43656
3.75003,2.76067,2.57897,2.88738,2.0076,2.34531,1.56615,3.65812,2.6728,1.72254,1.24543,1.84203,1.37816,1.07667,1.08996,1.84445,2.01937,3.87071,3.68129,2.21696,2.52287,3.86848,4.083,3.05246,3.45834,4.47649,3.63685,5.04586,1.85095,3.63782,4.66572,5.20523,5.35197,6.67411,4.34492,3.90578,4.00783,2.62008,4.07939,4.52499,4.5234,4.69767,5.01934,5.44619,5.13966,5.32857,5.77365,4.75878,3.8292,1.39039,2.18012,4.26955,4.9668,3.86751,3.84464,1.94148,0.598985,0.832939,2.4236,2.81347,1.99523,3.42072,2.05992,1.54256,3.47673,0.51244,1.56895,2.36401
3.68767,2.73726,2.57594,3.023,1.87323,2.80526,1.63443,3.50938,2.4321,1.20008,1.08741,1.84485,1.55777,1.56733,1.38646,2.30449,2.484,3.65233,3.63997,1.89723,2.5521,3.9854,4.505,3.23015,3.86249,4.70653,3.5388,4.69622,1.93188,3.45104,4.40548,5.30765,5.35982,6.62478,4.82262,4.00615,3.82812,2.35363,3.82316,4.07828,4.75338,4.66689,4.13574,5.57194,5.05811,4.65473,5.63678,4.49059,3.48195,1.46502,2.21488,3.97122,5.26849,3.06413,2.79599,1.20367,0.647054,0.806772,2.56235,2.83106,1.83921,3.31163,1.35857,2.2191,3.14512,0.602655,1.47909,3.00991
3.63294,2.67646,2.44142,2.85484,1.88958,2.90444,1.72143,3.46688,2.72662,1.55402,1.20589,2.05162,1.50693,1.17651,1.85026,1.77081,2.54836,3.75883,3.32253,1.73427,2.30671,3.52427,4.09421,3.06724,3.35201,4.48423,3.15426,4.94276,2.05493,3.44294,4.58004,5.42066,5.11925,6.22516,4.19316,3.37862,4.14817,2.91698,4.47071,4.5967,5.17367,4.94907,5.12816,5.70936,5.05415,5.00623,5.34393,4.72565,3.79876,1.59228,2.04923,4.11099,4.76384,4.29386,3.40087,1.71717,0.583472,0.889614,2.4554,3.0052,2.62253,3.60946,1.37534,1.62856,3.10399,0.468172,1.78478,2.51284
3.61875,2.44995,2.17109,2.84821,1.97594,2.65567,1.67191,3.38244,2.82093,1.28183,1.34791,2.23675,1.58072,1.23426,1.66423,1.47464,2.61478,3.69757,3.3136,1.59618,2.20424,3.55151,4.18287,3.07808,3.0622,4.19046,3.83081,4.93716,2.3367,3.54433,5.11077,5.44835,5.02707,6.25746,3.63578,3.31515,4.28842,3.26637,4.29741,4.51694,5.0014,4.92546,4.64418,5.59163,4.84243,4.30159,5.18245,4.72655,3.44788,1.6461,2.30319,4.3673,4.53498,3.37098,2.87669,2.81568,0.663747,1.18886,2.53248,3.08783,2.66029,4.21351,1.86066,2.09322,3.47875,0.87385,2.11706,2.88366
3.61984,2.32718,2.09265,2.89097,1.99179,2.48384,1.64101,3.32551,2.93192,1.95053,1.05988,1.87035,1.37893,1.66009,1.96798,1.57734,2.65164,3.6238,2.8173,1.4826,2.29017,3.67938,3.84208,2.80711,3.80378,4.55545,3.7563,4.65464,2.0661,3.43947,4.97619,5.45946,5.09265,6.11919,4.08415,3.43405,4.33517,3.54813,4.35952,4.63819,5.18231,4.82488,4.77838,5.32675,5.0248,4.80469,5.2392,5.06331,3.7707,1.59644,2.20742,5.07907,5.64026,3.8046,3.1139,2.59314,0.914492,1.32507,2.76432,3.28937,2.89098,4.3489,2.59652,3.27358,3.68508,1.84303,2.31652,3.54113
3.46208,2.21931,2.04136,2.94516,1.97423,2.34255,1.54254,3.31678,3.40746,1.50874,1.24801,1.32563,1.43769,1.63606,1.22749,1.63854,2.70157,3.53114,2.73944,1.53072,2.3896,3.64244,4.06197,2.85906,3.6382,4.13011,3.49683,4.63106,2.07911,3.44198,5.01909,5.48736,4.96596,6.11426,5.04156,3.87246,4.41651,4.07683,4.52956,4.43376,5.34859,4.90109,5.02472,5.38101,5.2924,5.25575,5.14223,5.12248,4.00313,1.61872,2.49129,4.90586,5.86408,4.05991,3.76489,2.84254,0.849896,1.19963,2.80551,3.30797,3.30916,4.58792,2.4455,2.92172,3.85813,1.09329,1.95606,3.80444
3.50961,2.21419,2.06064,3.04697,1.85128,2.34779,1.5575,3.30313,3.0634,1.85894,1.61911,0.962439,1.87786,1.99753,1.16649,1.48263,2.56229,3.43026,2.70023,1.43791,2.43841,3.77606,4.37668,2.82215,3.62827,4.15603,3.92613,4.70399,1.82156,3.33737,4.6056,5.52536,4.89783,5.99617,5.01947,4.15265,4.34395,4.08847,4.47384,4.58601,5.13495,4.76561,4.59695,5.4635,5.08863,5.70591,5.58959,5.34351,4.48232,1.63834,2.76895,5.03755,5.92078,3.82973,4.45209,2.71544,1.01645,1.37775,3.088,3.29473,3.26436,4.98596,2.62355,2.97114,3.96586,1.11605,2.33349,3.88984
3.46155,2.27103,2.06467,2.95051,1.88012,1.89298,1.34889,3.30782,2.94937,1.90904,1.68252,1.02189,2.16845,1.9545,1.01316,1.57481,2.58347,3.53579,2.74698,1.27418,2.31595,3.58043,4.16641,2.94858,3.19422,4.46166,3.2998,4.59625,1.84099,3.7606,4.99123,5.42184,4.93943,6.05484,5.50159,4.2865,4.88709,4.59687,4.70796,4.90839,5.35076,5.0561,4.22058,5.55705,5.0315,5.52989,5.56892,5.41604,4.8288,1.98877,3.44798,5.41646,5.8089,3.76886,3.68973,2.92149,1.11363,2.07475,2.57778,3.0945,4.14124,4.4611,3.85645,3.48419,3.47905,1.7975,3.48336,3.37085
3.43257,2.17115,2.00682,2.71698,1.92673,2.07362,1.45176,3.20732,2.92351,1.74691,1.73718,1.3251,2.05402,2.01826,1.02168,1.77586,2.53886,3.40698,2.60208,1.25706,2.23314,3.57432,4.31076,2.91035,3.2098,4.04524,3.61442,4.19988,1.85432,3.76269,4.85285,5.41495,4.82577,5.93186,5.59142,4.11837,4.80908,4.7955,5.13233,4.63416,5.23774,5.02848,4.61765,5.478,5.05759,5.39335,5.93258,5.61202,5.07908,2.01345,3.67219,5.81402,6.38581,4.1162,3.79996,3.64433,1.43067,2.06815,2.73794,3.30229,4.02031,4.59581,4.27515,3.86823,3.08458,2.56993,3.99328,3.81472
3.36611,2.25004,2.00966,2.83746,2.18695,1.88428,1.43585,3.44402,2.82268,2.32072,1.64779,1.57298,2.16112,1.67953,1.04273,1.68033,2.34616,3.42775,2.25166,1.1052,2.38304,3.44344,3.86496,2.70104,3.26571,4.01946,3.04511,4.35032,1.8104,3.18821,4.66757,5.21857,4.63675,5.95453,5.03395,3.63272,4.78226,4.86621,4.62305,4.38397,5.1191,5.04048,4.86523,5.53233,5.15407,5.54225,5.88223,6.00946,4.87886,2.28351,2.9566,5.48197,6.39828,4.47967,4.15878,2.25814,1.51142,2.17967,2.7414,3.31895,4.10586,4.91708,3.21598,4.32529,3.70384,2.72435,4.21976,3.1978
3.35517,2.13813,2.02658,2.90293,2.11295,1.84348,1.45983,3.54084,2.93698,1.85055,2.13539,1.45622,2.20768,1.78339,1.11379,1.73885,2.46448,3.43694,2.49014,1.19277,2.25223,3.53508,3.85303,2.75194,3.22093,4.44985,3.48401,4.44706,1.79754,3.17914,4.69258,5.38643,4.86184,5.9996,5.23163,3.96396,4.83872,4.94877,5.12499,4.64115,5.33299,4.94271,4.9455,5.30158,5.1538,5.76337,5.94851,6.19602,4.98978,2.20417,3.77846,5.75987,6.31682,4.8409,4.05652,2.73386,1.59196,2.29807,3.01523,3.31388,4.17381,4.18475,4.3036,4.57163,3.83517,2.81614,4.34986,2.955
3.42694,2.09263,1.99871,2.9318,1.99095,1.9528,1.43841,3.38442,2.68293,1.72371,2.20442,1.37247,2.21525,1.89959,1.18621,1.69204,2.49075,3.55651,2.59666,1.21531,2.40558,3.73264,4.14623,3.00872,3.2205,4.41373,3.89307,4.44894,1.72789,3.31962,4.69149,5.42369,4.94583,5.82693,5.31832,4.1618,4.71399,4.72186,4.79978,4.64585,5.39912,4.85664,4.8647,5.51713,5.15977,5.93288,5.82273,5.89823,4.95603,2.04655,3.64001,5.74624,7.36705,4.07402,4.37974,2.61629,1.51242,2.52901,2.81774,3.26935,4.14148,4.57316,3.74997,4.83837,4.00378,2.68447,4.45842,3.7965
3.46059,2.26596,2.01684,2.8958,1.77869,2.10091,1.40038,3.48461,2.87619,1.73373,2.15942,1.16068,2.16798,1.92402,1.23632,1.70283,2.54487,3.48743,2.53917,1.28587,2.36896,3.92829,3.96778,2.76394,3.33278,4.46487,3.66638,4.44719,1.8753,3.58611,4.76807,5.24641,4.91356,5.90674,5.52514,4.6131,4.63294,4.78947,5.1318,4.75119,5.45848,4.86419,4.61278,5.66733,5.16627,5.7596,5.55451,5.67146,4.66609,1.89405,3.36442,5.58879,7.23187,3.93818,3.29645,2.94284,1.81748,2.28023,3.10298,3.53711,3.81053,4.72376,4.06179,4.5526,3.51281,2.54642,3.43317,4.72796
3.55287,2.16135,1.92284,2.96702,1.94679,2.1776,1.45429,3.4286,2.614,1.8935,2.20797,1.18275,2.10034,1.82528,1.14218,1.62778,2.5254,3.39946,2.48518,1.36958,2.45235,3.77798,3.92374,2.70694,2.60923,4.08166,3.69446,4.47894,1.79625,3.69521,4.82965,5.25456,4.92847,5.9025,5.63105,4.20594,4.84844,4.68066,4.63814,4.64366,5.13293,5.22258,4.76333,5.93155,5.17225,5.71934,5.064,5.80795,4.64934,1.96871,3.30083,5.52797,6.13211,3.63027,4.13953,2.99754,2.26207,2.21126,3.17158,3.50229,3.62573,4.27806,3.23299,3.85706,3.16663,1.689,2.25863,4.82507
3.5862,2.24715,2.03089,2.92696,1.79063,2.18117,1.49242,3.43386,2.25291,1.28739,1.88047,1.21251,2.0624,2.04196,1.08575,1.31238,2.43051,3.36497,2.92067,1.5763,2.30702,3.67438,4.12961,2.71958,3.07497,4.48653,3.85642,4.68971,1.91814,3.799,4.80959,5.38959,5.04958,6.17186,5.39177,3.96219,4.82689,4.43219,4.63716,4.44647,4.83198,5.25666,3.88301,5.58314,5.41628,5.65997,5.42767,5.49102,3.80067,1.67518,2.677,5.40847,6.29689,3.15722,2.79801,2.25361,0.818827,1.46381,2.69623,3.35213,3.07721,4.74663,3.31886,2.85802,3.04585,1.07112,2.55874,3.87291
3.58183,2.38073,2.01172,2.42376,1.9104,2.42522,1.4037,3.41113,3.41585,1.7535,1.19255,1.43908,1.7591,2.04934,1.13593,1.29598,2.58034,3.51782,2.95096,1.57708,2.39853,3.83291,3.57046,2.66248,3.48612,3.98157,3.49397,4.73388,1.71102,3.59396,4.57415,5.25474,5.02407,5.99672,5.42393,3.70863,4.78621,3.96576,4.40063,4.38779,4.61246,5.03471,4.301,5.64249,5.15696,5.56819,5.33859,5.60026,3.75425,1.57899,2.4471,4.77248,5.69521,3.84357,2.80268,1.93549,0.707724,1.47333,2.96536,3.25167,2.56104,4.83378,2.6537,1.85289,2.95522,0.760886,1.89841,3.96205
3.67492,2.53115,2.01889,2.363,1.65941,2.60747,1.31628,3.17212,2.84138,1.76092,1.37337,1.76122,1.86216,1.72693,1.48408,1.59003,2.5291,3.45193,3.27675,1.84301,2.42914,3.88276,4.15273,2.77793,3.11328,3.67444,3.20786,4.73336,1.928,3.96547,4.50969,5.26523,5.05538,6.33942,5.18829,3.50352,4.49574,3.44864,4.49512,4.2513,4.98324,4.79426,4.35019,5.62617,5.33317,5.74186,5.89308,5.25759,3.25035,1.54818,2.26667,4.79207,5.20029,3.0656,2.59204,1.86,0.496483,0.884092,2.67709,3.0056,2.07733,4.25186,2.43072,1.91186,2.82504,0.576588,1.69237,3.26833
3.70809,2.63981,2.13433,2.60845,1.68198,2.61839,1.33079,3.10506,2.98369,1.32552,1.09598,2.0133,2.17671,1.65733,1.77405,1.51397,2.68919,3.4556,3.28662,1.98978,2.37638,3.8826,4.15045,2.95232,3.44046,4.74475,3.77314,4.64621,1.8393,3.99005,4.71578,5.12414,5.02503,6.4551,4.63617,3.71359,3.74747,2.99715,4.16877,4.62372,4.67138,4.26856,3.61922,5.42896,5.09564,5.2252,4.84453,5.25605,2.83941,1.45005,1.95817,4.2818,5.29383,3.42631,1.69052,1.34018,0.327968,0.816324,2.12652,2.96249,2.45981,4.12954,1.77045,1.31163,1.99168,0.382839,1.1077,2.58708
3.7491,2.83618,2.28139,2.50557,2.16453,2.5872,1.39667,2.96322,2.97029,1.19189,1.60886,1.98143,1.90284,1.50605,1.89882,1.3965,2.56113,3.52862,3.59774,2.14277,2.56505,3.79431,4.15041,3.11287,3.65089,5.00521,3.96581,5.16714,2.10491,3.89832,4.44556,5.17334,5.11813,6.65171,4.92003,3.55511,3.92254,2.57346,4.21384,4.63115,4.79513,4.2441,4.30008,5.7354,4.83903,5.49049,5.35457,5.2587,3.64705,1.50693,2.207,4.20589,3.72688,2.66809,2.72898,1.81183,0.467526,0.847252,2.16815,2.98434,2.64386,4.73496,1.36481,1.08249,2.57327,0.4018,1.05118,2.74624
3.89323,2.92375,2.28829,2.61933,1.82348,2.71853,1.23999,3.05652,2.7562,1.19234,1.51761,1.87212,2.0307,1.75658,1.9804,1.49616,2.13879,3.74488,3.75883,2.41845,2.52236,3.88889,4.2427,3.11636,3.52712,4.69251,4.00766,4.88015,2.09012,4.05059,4.60018,5.29336,5.08478,6.54503,4.69018,3.34458,3.86169,2.75429,4.27864,4.89383,4.49882,4.31313,4.46725,5.79485,4.56836,5.17607,5.31057,5.08436,3.61409,1.47997,2.47303,4.88911,5.75074,2.71337,2.69762,2.51725,0.567573,1.01361,2.29203,3.01767,2.4433,4.63052,2.14583,1.77832,2.81988,0.493555,1.97652,3.03667
3.97523,2.7765,2.32223,2.89398,1.78834,2.17668,1.14136,3.31801,2.90168,0.972184,1.37827,1.84326,1.75241,1.91024,1.73367,1.95637,2.2886,3.76718,3.84068,2.4688,2.66632,3.75095,4.2936,3.29854,3.2649,4.44024,3.9194,4.97132,2.16029,4.34602,4.68298,5.31356,5.03188,6.54539,4.90378,3.29236,4.16237,3.00809,4.29397,4.93125,4.69524,4.81911,4.47012,5.82307,5.09852,5.21768,5.61909,5.49221,3.59632,2.08422,2.92456,4.86918,5.74929,3.36837,2.54186,2.43144,0.816251,1.5686,3.16855,3.57767,2.50285,4.89476,2.2242,1.8143,2.41638,0.635248,2.08468,3.75183
3.97408,2.79436,2.35729,2.6923,1.5557,1.61523,1.17854,3.26414,2.93414,0.969632,1.39229,1.7724,1.74733,1.96294,1.50951,1.80576,2.28721,3.7698,3.91349,2.41113,2.58163,3.8711,4.10563,2.79093,3.74371,4.44617,4.0406,5.07561,2.0118,4.20717,4.72911,5.21653,5.01026,6.107,4.0517,3.53268,4.50141,3.08344,4.49265,4.76561,4.62262,4.6966,4.8139,5.71633,5.03842,5.30047,5.65849,5.32714,3.54294,2.39806,3.23025,5.1394,6.12556,4.40912,2.90266,1.83877,1.11087,1.71838,3.22407,3.52092,2.51972,4.67986,3.5079,3.21684,3.20316,1.66655,2.71665,4.4663
3.77556,2.65554,2.43267,2.08318,1.2503,1.54388,1.23457,3.30793,2.80003,1.05909,1.34638,1.93418,1.97435,1.31105,1.15023,1.77837,2.1679,3.82977,4.1091,2.64954,2.80508,3.93955,4.31041,3.13723,3.5596,4.32838,3.62188,5.21353,1.86007,4.49144,5.12629,5.1944,5.126,6.23444,4.34983,3.76762,4.62671,3.59447,4.4749,4.98844,4.81734,4.92072,4.63374,5.50909,5.08676,5.43697,5.96492,5.55509,3.56105,2.47603,3.47017,5.6497,6.64476,4.74978,3.52194,1.76088,1.44927,2.23852,3.55567,4.04421,2.86975,4.58181,4.08566,4.4202,2.81199,1.53082,2.86617,4.81608
3.76864,2.72946,2.40524,2.12229,1.59961,1.375,1.198,3.12481,2.90583,0.881636,1.53966,1.82064,1.78684,1.14511,1.30268,1.47217,1.87844,3.84491,4.16805,2.57885,2.75708,3.58436,4.51045,3.27654,3.91781,4.45282,3.3953,5.23178,2.08239,4.31783,4.96095,5.18749,5.24579,6.3137,4.65769,3.70092,4.74937,3.31862,4.59547,4.89477,4.91053,5.03806,4.75816,5.71596,5.39252,5.51788,5.89899,5.45355,3.70803,2.99466,4.1622,5.82312,6.35537,4.14495,2.82945,2.38735,1.71942,2.21576,3.79835,4.18637,2.96552,4.61522,4.39369,4.44861,2.59573,1.55896,3.38142,5.03527
3.66544,2.69492,2.45567,1.90768,1.64308,1.48826,1.26242,3.404,3.01968,0.969728,1.72308,1.84012,1.9003,1.4075,1.43556,1.41583,1.94791,3.89386,4.13286,2.71896,2.92201,4.0857,4.12149,3.27754,3.81871,4.52275,3.68587,5.15799,2.16008,4.18502,4.55076,5.23745,5.17389,6.27122,4.53377,4.01765,4.93348,3.83222,4.63194,5.24685,5.33836,4.92417,4.76619,5.70942,5.47481,5.61352,5.44456,5.55396,3.75078,3.29454,4.78816,5.78333,6.94208,4.11149,2.97995,2.75493,1.88703,2.12132,3.78849,3.98377,3.32633,4.5742,4.59004,5.05706,2.74587,2.32824,3.4929,5.45543
3.62261,2.77969,2.39195,1.78184,2.02975,1.57716,1.18357,3.06987,2.88237,0.848292,1.61186,1.73385,2.01055,1.20153,1.5963,1.39095,1.88429,4.00158,3.9992,2.59794,3.10429,4.23392,4.2907,3.38347,3.41283,4.42932,3.42567,5.08172,1.84692,4.04822,4.90965,5.09562,5.14266,6.2511,5.03213,3.41928,5.00195,4.29439,4.68896,4.97395,5.3433,4.74874,4.57545,5.55895,5.16266,5.23015,5.20099,5.45785,3.3531,3.12498,5.06411,5.98962,7.26981,4.16007,3.38917,2.56972,2.03511,2.24881,3.87167,3.92515,3.42962,4.58904,4.84911,5.62304,2.58176,2.58536,4.04681,5.42998
3.58528,2.76928,2.31017,1.73458,1.98121,1.52827,1.14749,3.20938,2.89334,0.953379,1.63447,1.82205,1.86052,1.27637,1.62765,1.35882,1.768,3.9496,4.13068,2.56739,3.23527,4.15972,4.22071,3.57577,3.50587,4.67705,3.58193,5.12892,1.92675,4.14297,4.98529,5.06498,5.07491,6.31267,5.11519,3.61634,5.09844,4.51404,4.95938,5.21396,5.32654,4.99731,4.5581,5.75645,5.46732,5.41365,5.38781,5.45361,3.32815,3.23367,5.31449,6.063,7.43816,3.848,3.69106,2.85606,2.02404,2.06373,3.72556,3.84811,3.65867,4.63239,4.98517,5.52207,2.93028,2.62026,3.98251,5.85396
3.698,2.71968,2.36545,1.94545,1.84073,1.369,1.12284,3.15229,3.09631,1.19352,1.81458,1.64318,1.77304,1.17645,1.65829,1.48181,1.80443,3.95789,4.17725,2.45228,3.16665,4.19517,4.37091,3.41218,3.37612,4.71739,3.6703,5.27193,1.91493,4.06749,4.78973,5.05071,5.09214,6.31059,4.97489,3.17601,5.10238,4.53186,4.76777,5.18531,5.40208,4.91968,4.72639,5.83254,5.59676,5.55855,5.46672,5.45645,3.55507,3.27758,5.41643,5.91921,7.33596,3.6481,3.4806,2.34303,1.89125,2.20248,3.88272,3.7749,3.20389,4.80011,4.99443,5.79362,3.11732,2.68106,3.28512,5.72274
3.71774,2.80501,2.38945,1.75153,1.73892,1.27621,1.22362,3.14384,3.2131,0.997824,2.01809,1.73781,1.71343,1.2455,1.63119,1.45618,1.87643,3.98003,4.19085,2.42513,2.96498,4.20673,4.37634,3.66199,3.84771,4.7685,3.72971,5.36932,1.93468,4.0934,5.00516,5.00292,5.21018,6.53724,4.11686,3.72352,4.90422,4.39638,4.91422,5.20831,5.17594,4.99897,4.70595,6.03552,5.48201,5.57841,5.41896,5.46242,3.6657,3.17499,5.37773,5.99392,7.22159,3.66094,3.53551,2.78724,2.21187,2.43509,3.58158,3.78104,3.3178,4.80855,5.15862,5.62896,3.00661,2.77748,3.57418,5.50403
3.72337,2.79621,2.42224,1.71256,1.7167,1.30985,1.30274,3.11906,3.23105,0.93716,1.53271,1.72436,1.57484,1.33012,1.64142,1.38779,1.80941,3.93919,3.96888,2.28521,2.91719,3.77517,4.48502,3.24803,3.78385,4.72311,3.37274,5.36415,1.80305,3.88012,4.81583,4.97244,5.2559,6.37721,4.89706,3.60145,4.7915,4.16236,5.00069,5.25003,5.4116,4.87987,5.0463,5.8233,5.61679,5.57823,5.40159,5.59762,3.55484,3.06849,5.20445,5.83459,6.88063,4.1018,3.16751,3.19231,1.76536,2.30827,3.267,3.55881,3.23081,5.00348,4.94894,5.73138,3.3675,2.5083,3.14817,5.63318
3.80861,2.77947,2.51226,1.84223,1.76893,1.3634,1.38564,2.93129,3.01965,1.03184,1.45898,1.91128,1.59506,1.35721,1.66964,1.34332,1.90785,4.0972,4.05287,2.34972,2.84473,4.28206,4.15055,3.43423,3.66637,5.03089,3.73781,5.19881,1.95417,3.88584,4.96306,5.05137,5.20423,6.26743,4.59582,3.47086,4.75264,4.30345,5.11964,5.42488,5.32694,4.90972,5.12765,5.88733,5.53004,5.63463,5.5048,5.703,3.5677,2.93987,4.84322,5.9066,7.21056,4.32744,3.33617,3.58356,1.6401,2.28299,3.85744,3.73886,3.31622,5.00197,4.64073,5.42104,2.93349,2.82812,3.02853,5.80508
3.88654,2.75414,2.57815,1.94594,2.10784,1.37708,1.47206,2.90985,3.2282,1.31386,1.49954,2.01614,1.52831,1.25342,1.49278,1.36512,1.85192,4.00394,3.94674,2.46923,2.87229,3.88003,4.37875,3.43026,3.59291,4.89395,3.47038,5.16662,1.84869,3.92585,4.74449,4.97386,5.14352,6.61761,4.70783,3.59031,4.73792,4.33197,5.03308,5.20786,5.2758,4.70637,4.99184,6.0174,5.46239,5.52351,5.36292,5.67886,3.54776,3.13477,4.57094,5.81431,6.9789,3.96585,3.49535,3.065,1.66613,2.34763,3.89916,3.67244,3.27097,4.87174,4.5826,5.02758,3.39461,2.11289,3.61742,5.7904
3.85864,2.77865,2.52133,2.31348,2.24725,1.29904,1.60789,3.38617,3.02393,1.17812,1.47352,2.16576,1.77696,1.00665,1.40761,1.56424,1.83107,3.99803,4.07692,2.41439,2.77624,3.90552,4.22743,3.4779,4.37901,4.94814,3.71677,4.95695,1.81082,3.93957,4.75845,5.07903,5.24208,6.73651,4.12496,2.74087,4.85252,4.95173,4.87126,4.8605,5.38019,4.85827,4.66574,5.46992,5.36935,5.60257,5.59277,5.59326,3.43291,2.8519,4.19825,5.77591,6.86665,4.04688,4.51121,4.12895,1.39006,1.79739,3.8651,3.62954,3.4509,5.16558,4.33487,4.28188,3.12802,1.74476,3.19855,5.77094
3.92283,2.76022,2.55402,2.60356,2.07899,1.22691,1.47823,2.91121,3.07159,1.12622,1.44172,2.20324,1.64033,1.14398,1.34383,1.64307,1.87112,3.90511,3.79505,2.4523,2.83158,3.95119,4.25334,3.36642,4.20041,4.92527,3.70146,5.31346,1.89425,4.00945,4.87725,5.08011,5.12118,6.44059,4.01973,3.33581,5.04247,4.90877,5.31561,4.71261,5.34368,5.01412,4.6802,5.75567,5.14002,5.62019,5.53853,5.47772,3.46996,2.90513,4.63391,5.43792,6.60641,3.81034,3.50504,3.44813,1.36937,2.01961,3.72376,3.72915,3.24147,5.02731,4.53408,4.60455,3.32698,1.9986,2.92653,5.82631
3.90448,2.71875,2.58128,2.71512,1.96912,1.23092,1.43509,3.30396,3.04677,1.24883,1.56541,2.26217,1.55736,1.34784,1.18576,2.00833,2.03161,3.92581,3.75752,2.23556,2.98177,4.33378,4.50178,3.45172,3.94656,4.36307,3.79438,5.11703,1.83964,3.90023,4.74545,5.10191,4.99151,6.57273,4.89188,3.35659,5.0703,5.11598,5.03172,4.73455,5.2636,5.21042,4.79575,5.67059,5.16027,5.4404,5.25406,5.34474,3.68482,2.66212,4.24933,5.42204,7.08469,4.13411,4.48001,4.14813,1.44903,1.83993,3.72758,3.74472,3.22006,5.03092,3.94888,5.02037,3.49093,1.67037,3.19602,5.33062
3.89572,2.79372,2.61601,2.69008,2.09228,1.48845,1.58869,3.06293,3.14852,1.09042,1.55342,2.11286,1.49978,1.2393,1.17803,1.92743,1.76754,3.77953,3.74913,2.3076,2.85367,4.0685,4.20222,3.0119,3.67854,4.15648,3.43816,4.93768,1.87952,3.86509,4.82834,5.0488,5.05324,6.66657,4.7308,3.0217,5.02023,5.23687,5.12929,4.77095,5.31697,5.23499,4.84802,5.85547,4.95265,5.27021,5.44001,5.2194,3.2949,2.7216,4.34642,5.36813,7.01964,4.15863,4.05747,3.84568,1.37576,2.1339,3.57687,3.62468,3.30215,5.21995,4.02214,4.21736,2.82998,2.03754,3.54651,5.39278
3.8574,2.86313,2.52555,2.87824,1.99773,1.7401,1.48247,3.55362,3.1311,1.31084,1.35388,2.04253,1.33103,1.41313,1.22799,1.83959,2.36533,3.88982,3.97722,2.26889,2.68231,3.90683,4.16415,2.96924,3.8745,4.45836,3.97664,4.79892,1.80759,3.97522,4.97734,4.9173,5.08922,6.40804,4.79761,4.03687,5.06865,5.15466,5.10252,4.95886,5.28718,5.18528,4.65003,5.82566,4.78461,5.60298,5.55422,5.6536,3.50137,2.54021,4.16469,5.71017,6.77408,3.82678,4.02966,3.98681,1.84321,1.88691,3.8033,3.78805,3.27778,5.3082,4.14187,4.74769,3.93479,2.03761,3.06247,5.52732
3.93475,2.79203,2.5569,2.97103,1.94236,1.73519,1.49365,3.47263,3.13176,1.18926,1.30059,1.8842,1.56785,1.6869,1.53913,1.66011,2.352,3.89934,3.78658,2.27568,2.79646,4.17085,4.34769,3.44716,3.1396,3.93694,3.65072,4.77302,1.81127,3.63666,4.66978,5.10835,5.16621,6.47345,5.0613,4.21252,4.88961,5.25312,5.08984,5.06385,5.40499,5.39133,4.52352,5.57498,4.95129,5.38438,5.60702,5.67607,3.78685,2.55163,4.36614,5.59286,6.78401,4.45817,4.51636,3.90271,1.89276,2.18873,3.88784,3.47424,3.26681,5.15145,4.746,5.36371,3.67972,4.03114,3.31615,4.95561
3.9134,2.73448,2.43006,3.06276,1.96567,1.85883,1.355,3.66658,3.04558,1.23013,1.24898,1.92629,1.84698,2.02826,1.62552,1.87338,2.22712,3.83729,3.66609,2.29806,2.73248,4.02566,4.15923,3.1973,3.01057,4.55547,3.4554,4.76792,1.76747,3.76294,4.88975,5.13285,5.16996,6.36048,5.20249,4.18864,4.91825,5.38829,5.22661,4.85473,5.23856,5.38061,4.70419,5.36539,4.96198,5.57198,5.58543,5.31143,4.33578,2.67833,4.56323,5.85877,6.92681,4.60797,4.35705,2.92512,2.24526,1.94591,4.05484,3.50843,3.35537,5.51283,4.45351,5.82383,3.43856,3.25294,3.43793,5.55395
3.94183,2.78711,2.53475,3.07483,1.49023,1.93622,1.52164,3.7924,2.81967,1.53969,1.35886,1.98943,1.93117,1.75712,1.64388,2.02314,2.08648,3.78485,3.47978,2.09388,2.60379,3.75953,4.49975,2.89275,3.27459,4.32438,3.04428,4.67174,1.64324,3.84852,4.57058,5.20962,5.13427,6.22958,5.18333,3.98249,5.24198,4.48206,4.75383,4.87644,5.21352,5.08025,4.82532,5.78302,4.56344,4.96816,4.97608,5.56697,3.98567,2.68046,4.98291,5.63876,7.07269,4.6742,4.71326,3.3102,1.49723,2.31092,3.63868,3.57672,3.57537,4.98756,4.87816,5.1958,3.38247,2.18108,4.01379,5.68602
3.75353,2.68811,2.42824,3.10849,1.76828,1.95318,1.55248,3.94768,2.86142,1.80774,1.53311,2.04337,2.06147,1.469,1.76228,1.66007,2.14009,3.81715,3.6095,2.22403,2.86273,3.95084,4.23075,3.11015,3.73071,3.84909,3.21468,4.84753,1.64327,3.71872,4.37547,5.14898,5.09008,6.25943,5.37488,4.25257,5.20418,4.32964,4.79522,5.02461,5.32023,5.00727,4.68164,5.33709,4.88881,6.07889,5.03611,5.44143,4.21415,2.78876,4.72855,5.77705,7.25293,4.74244,4.49896,3.24277,1.78882,2.14859,3.8201,3.57257,3.58758,4.73757,4.58797,5.60032,3.02601,3.5231,3.38227,5.26044
3.68328,2.63418,2.4503,2.76305,2.27053,1.73784,1.47647,3.78509,3.02891,1.70807,1.64167,1.92985,1.98836,1.58932,1.76799,1.55108,2.01563,3.90139,3.69777,2.10945,2.75557,4.2363,4.27671,2.90188,3.49114,4.39177,2.91566,4.51743,1.79366,3.91782,4.42145,5.17943,5.05043,6.27515,5.77099,4.26393,5.2403,4.14614,4.89542,4.75507,5.35673,5.29163,4.54622,5.55064,5.04664,5.67504,5.13161,5.40537,4.14061,2.68517,4.66197,5.65283,7.39626,3.92183,3.70938,3.45455,1.61741,2.36791,3.39388,3.6468,3.7677,4.78655,4.96259,5.41542,2.9741,3.52259,3.91932,4.97901
3.59479,2.70817,2.50683,2.99231,2.06973,1.59469,1.67982,3.53826,3.01538,1.69887,1.81637,1.90514,1.99735,1.75399,1.28918,1.79925,2.04465,3.94255,3.61168,2.10694,2.77534,4.10026,4.24251,3.20485,3.82174,4.09913,3.00902,4.76253,1.5992,3.97211,4.58614,5.12739,5.0558,6.30645,5.57866,4.22046,5.30184,4.44642,4.95671,4.838,5.33931,5.19044,4.94037,5.67565,5.14887,5.40902,5.1564,5.44851,4.20235,2.52362,4.13196,5.63601,7.01922,4.13403,3.8654,4.03683,1.61867,2.43633,3.63169,3.63004,3.65486,4.8966,4.30417,5.41571,3.34577,4.31589,3.39139,4.80589
3.52524,2.65197,2.61463,2.89251,1.90909,1.90348,1.69145,3.43409,2.97314,1.30781,1.56446,2.08988,1.84283,2.15991,1.17047,1.87781,2.20338,3.80953,3.8329,2.108,2.77862,4.1331,4.42267,3.16051,3.43149,4.48762,3.20795,4.6024,1.70524,3.84962,4.5327,5.09163,5.12685,6.46506,5.85181,4.57574,5.14767,4.44493,5.25206,4.86755,5.21045,4.91771,4.68238,5.54483,5.09605,5.17556,5.60083,5.67329,3.88977,2.65669,4.44498,5.69135,6.79416,4.56861,3.62701,3.81145,1.05191,2.16222,3.74987,3.441,3.8049,5.09238,4.89197,5.51508,3.22388,3.06076,4.094,4.80228
3.52106,2.61323,2.58854,2.94193,1.90043,2.05472,1.55867,3.66852,3.20363,1.47699,1.78045,2.11712,1.95136,2.19401,1.24327,1.74777,2.64159,3.82261,3.56539,2.23477,2.70752,4.03024,4.44598,3.0677,3.48842,4.23016,3.4836,4.84038,1.73754,3.71994,4.54428,5.12089,5.10595,6.31738,5.45769,4.40415,5.29895,4.60615,5.13285,4.93651,5.17325,5.15922,4.71428,5.29382,5.05041,5.39174,5.69232,5.49682,3.97909,2.41434,4.27084,5.45703,7.10562,4.88845,4.18124,3.70497,1.31657,2.13802,3.98979,3.78804,3.70327,5.31237,4.39616,5.55246,3.52563,3.10924,3.78395,5.10699
3.45249,2.68024,2.46175,2.86418,1.87222,1.81215,1.5949,3.82282,2.8753,1.50751,1.48507,2.19897,2.1099,1.84573,1.19653,1.86744,3.13298,3.88726,3.55617,2.15128,2.69382,3.82936,4.38315,3.40512,3.53888,4.1998,2.9931,4.92779,1.71946,3.71217,4.17464,4.99189,5.03603,6.37055,5.81698,4.10284,5.39486,4.52873,5.08986,4.99911,4.99446,5.18353,4.67704,4.977,4.55687,4.86287,5.51514,5.20354,4.16549,2.73885,4.2944,5.50097,6.91958,4.90706,4.15369,3.37582,1.05379,2.4049,3.71795,3.4057,3.82764,5.31282,4.5849,5.73116,3.42239,3.12244,4.00923,4.58166
3.50756,2.71227,2.45491,2.94215,1.96176,1.64833,1.61233,3.84446,2.76621,1.31317,1.7097,2.2324,2.18646,2.10726,0.989553,2.03324,3.18899,3.81383,3.64721,2.26655,2.82344,3.8804,4.1441,3.07286,4.011,4.66711,3.36751,4.6624,1.85768,3.66308,4.3866,5.11333,4.90385,6.31605,5.43139,4.21993,5.48463,4.75446,5.17569,5.09811,5.28021,5.17876,5.05622,5.16217,4.66836,5.2349,5.15778,5.16359,3.70319,2.63654,4.30393,5.84215,6.98046,4.4904,4.50686,3.23491,1.51666,2.34365,3.83078,3.5167,3.49395,5.43633,4.68937,5.6498,3.58674,2.85233,3.67928,5.50525
3.59689,2.85108,2.50912,2.85669,1.84355,1.67565,1.55554,3.9688,2.50725,1.13716,1.68238,2.16374,2.30435,2.12235,1.06712,2.03892,3.19663,3.78819,3.69899,2.43982,2.78092,4.00459,4.1671,3.20306,3.87198,4.50202,3.54449,4.91411,1.64316,3.52499,4.22403,5.10923,4.95339,6.2561,4.96539,4.45572,5.52454,4.61835,5.12044,4.81942,4.94863,5.30151,5.33984,5.27161,4.80191,5.36182,5.11263,5.23214,4.17189,2.87929,3.9289,5.49918,6.87308,4.33779,4.83254,3.44306,1.93568,2.10124,3.71201,3.62818,3.57629,5.27307,4.29403,5.27326,3.56813,3.96643,3.88806,5.15689
3.60122,2.95744,2.53024,2.81844,1.97285,1.73292,1.49344,3.98948,2.51818,1.06443,1.52401,2.06009,2.16811,2.32235,0.974926,1.93973,3.36868,3.69833,3.57327,2.4307,2.90978,4.19932,4.19877,3.1637,3.82095,4.17839,3.43213,5.21773,1.58869,3.62144,4.2495,5.11995,4.94291,6.40362,4.93769,3.83372,5.49574,4.67692,5.10715,4.70269,5.13567,5.1847,4.54032,5.33912,4.72907,5.50792,5.29113,5.38419,3.95605,2.69077,4.37077,5.83239,7.07668,4.57257,4.31661,3.58738,1.69813,2.07993,3.21546,3.60703,3.52311,4.51265,4.4747,5.57919,3.36803,3.24072,3.35822,5.56154
3.66835,2.94023,2.60201,2.85884,1.80296,1.72276,1.5075,4.31675,2.74971,0.9971,1.34163,1.89015,2.15636,2.28278,1.14212,1.93423,2.77739,3.58109,3.55188,2.43838,2.96577,4.02654,4.28299,2.9144,3.49474,3.89469,3.02593,4.78033,1.81693,3.82953,4.33129,5.01538,4.86565,6.35343,4.76451,3.39264,5.29731,4.45119,5.14829,4.99093,5.27097,5.24196,4.60503,5.46788,4.77869,5.30693,5.45836,5.1507,3.6049,2.75352,4.31522,5.64173,6.203,4.13218,3.20365,2.86866,1.86971,2.1976,3.53879,3.7403,3.4571,4.62822,4.65001,4.73136,2.90511,2.81263,3.77728,5.60093
