fac_AU01int,fac_AU02int,fac_AU04int,fac_AU05int,fac_AU06int,fac_AU07int,fac_AU09int,fac_AU10int,fac_AU12int,fac_AU14int,fac_AU15int,fac_AU17int,fac_AU20int,fac_AU23int,fac_AU25int,fac_AU26int,fac_AU45int,fac_AU01pres,fac_AU02pres,fac_AU04pres,fac_AU05pres,fac_AU06pres,fac_AU07pres,fac_AU09pres,fac_AU10pres,fac_AU12pres,fac_AU14pres,fac_AU15pres,fac_AU17pres,fac_AU20pres,fac_AU23pres,fac_AU25pres,fac_AU26pres,fac_AU28pres,fac_AU45pres,frame,face_id,timestamp,confidence,success,dbm_master_url
0.0,0.0,0.0,0.0,1.04,1.36,0.0,0.99,0.64,2.01,0.0,0.41,0.0,0.04,0.08,0.57,0.03,0.0,0.0,0.0,0.0,1.0,0.0,0.0,1.0,0.0,1.0,0.0,0.0,0.0,0.0,0.0,0.0,0.0,0.0,1,0,0.0,0.98,1,sample_data/subj02_timepoint02.mp4
0.0,0.0,0.0,0.0,1.07,1.48,0.09,0.92,0.57,1.93,0.0,0.38,0.0,0.04,0.03,0.44,0.08,0.0,0.0,0.0,0.0,1.0,0.0,0.0,1.0,0.0,1.0,0.0,0.0,0.0,0.0,0.0,0.0,0.0,0.0,2,0,0.033,0.98,1,sample_data/subj02_timepoint02.mp4
0.0,0.0,0.0,0.0,1.09,1.54,0.13,0.92,0.52,1.92,0.0,0.38,0.0,0.05,0.01,0.37,0.12,0.0,0.0,0.0,0.0,1.0,0.0,0.0,1.0,0.0,1.0,0.0,0.0,0.0,0.0,0.0,0.0,0.0,0.0,3,0,0.067,0.98,1,sample_data/subj02_timepoint02.mp4
0.0,0.0,0.0,0.0,1.08,1.58,0.07,0.91,0.51,1.84,0.0,0.44,0.02,0.03,0.0,0.4,0.06,0.0,0.0,0.0,0.0,1.0,0.0,0.0,1.0,0.0,1.0,0.0,0.0,0.0,0.0,0.0,0.0,0.0,0.0,4,0,0.1,0.98,1,sample_data/subj02_timepoint02.mp4
0.0,0.0,0.0,0.0,1.12,1.6,0.04,0.98,0.55,1.91,0.0,0.44,0.02,0.02,0.0,0.36,0.36,0.0,0.0,0.0,0.0,1.0,0.0,0.0,1.0,0.0,1.0,0.0,0.0,0.0,0.0,0.0,0.0,0.0,0.0,5,0,0.133,0.98,1,sample_data/subj02_timepoint02.mp4
0.14,0.0,0.0,0.0,1.06,1.88,0.0,1.08,0.63,1.91,0.0,0.33,0.02,0.0,0.0,0.32,0.94,0.0,0.0,0.0,0.0,1.0,0.0,0.0,1.0,0.0,1.0,0.0,0.0,0.0,0.0,0.0,0.0,0.0,1.0,6,0,0.16699999999999998,0.98,1,sample_data/subj02_timepoint02.mp4
0.18,0.0,0.0,0.0,1.03,1.86,0.0,1.24,0.67,2.14,0.05,0.29,0.03,0.0,0.0,0.27,1.58,0.0,0.0,0.0,0.0,1.0,0.0,0.0,1.0,0.0,1.0,0.0,0.0,0.0,0.0,0.0,0.0,0.0,1.0,7,0,0.2,0.98,1,sample_data/subj02_timepoint02.mp4
0.18,0.0,0.0,0.0,1.05,1.91,0.0,1.24,0.71,2.25,0.05,0.33,0.05,0.0,0.05,0.25,1.89,0.0,0.0,0.0,0.0,1.0,1.0,0.0,1.0,0.0,1.0,0.0,0.0,0.0,0.0,0.0,0.0,0.0,1.0,8,0,0.233,0.98,1,sample_data/subj02_timepoint02.mp4
0.04,0.0,0.0,0.0,1.11,1.89,0.0,1.22,0.68,2.18,0.05,0.43,0.05,0.0,0.06,0.19,1.73,0.0,0.0,0.0,0.0,1.0,1.0,0.0,1.0,0.0,1.0,0.0,0.0,0.0,0.0,0.0,0.0,0.0,1.0,9,0,0.267,0.98,1,sample_data/subj02_timepoint02.mp4
0.0,0.0,0.0,0.0,1.11,1.94,0.0,1.14,0.64,2.0,0.0,0.29,0.02,0.0,0.06,0.09,1.16,0.0,0.0,0.0,0.0,1.0,1.0,0.0,1.0,0.0,1.0,0.0,0.0,0.0,0.0,0.0,0.0,0.0,1.0,10,0,0.3,0.98,1,sample_data/subj02_timepoint02.mp4
0.0,0.0,0.0,0.0,1.08,1.81,0.0,1.14,0.57,1.78,0.0,0.25,0.0,0.0,0.09,0.24,0.55,0.0,0.0,0.0,0.0,1.0,1.0,0.0,1.0,0.0,1.0,0.0,0.0,0.0,0.0,0.0,0.0,0.0,1.0,11,0,0.33299999999999996,0.98,1,sample_data/subj02_timepoint02.mp4
0.0,0.0,0.0,0.0,1.09,1.53,0.0,1.08,0.54,1.64,0.0,0.13,0.0,0.0,0.13,0.48,0.07,0.0,0.0,0.0,0.0,1.0,1.0,0.0,1.0,0.0,1.0,0.0,0.0,0.0,0.0,0.0,0.0,0.0,1.0,12,0,0.36700000000000005,0.98,1,sample_data/subj02_timepoint02.mp4
0.0,0.0,0.0,0.0,1.14,1.47,0.0,1.09,0.51,1.58,0.0,0.13,0.0,0.0,0.19,0.69,0.0,0.0,0.0,0.0,0.0,1.0,0.0,0.0,1.0,0.0,1.0,0.0,0.0,0.0,0.0,0.0,0.0,0.0,0.0,13,0,0.4,0.98,1,sample_data/subj02_timepoint02.mp4
0.0,0.0,0.0,0.0,1.1,1.46,0.01,1.01,0.52,1.67,0.0,0.07,0.0,0.0,0.17,0.66,0.0,0.0,0.0,0.0,0.0,1.0,0.0,0.0,1.0,0.0,1.0,0.0,0.0,0.0,0.0,0.0,0.0,0.0,0.0,14,0,0.433,0.98,1,sample_data/subj02_timepoint02.mp4
0.0,0.0,0.0,0.0,1.03,1.38,0.01,0.99,0.5,1.83,0.0,0.19,0.0,0.0,0.13,0.52,0.0,0.0,0.0,0.0,0.0,1.0,0.0,0.0,1.0,0.0,1.0,0.0,0.0,0.0,0.0,0.0,0.0,0.0,0.0,15,0,0.467,0.98,1,sample_data/subj02_timepoint02.mp4
0.0,0.0,0.0,0.0,0.98,1.37,0.01,0.93,0.49,1.92,0.0,0.32,0.0,0.0,0.09,0.49,0.0,0.0,0.0,0.0,0.0,1.0,0.0,0.0,1.0,0.0,1.0,0.0,0.0,0.0,0.0,0.0,0.0,0.0,0.0,16,0,0.5,0.98,1,sample_data/subj02_timepoint02.mp4
0.0,0.0,0.0,0.0,0.97,1.19,0.0,0.92,0.45,1.91,0.0,0.43,0.0,0.0,0.03,0.51,0.0,0.0,0.0,0.0,0.0,1.0,0.0,0.0,1.0,0.0,1.0,0.0,0.0,0.0,0.0,0.0,0.0,0.0,0.0,17,0,0.5329999999999999,0.98,1,sample_data/subj02_timepoint02.mp4
0.0,0.0,0.0,0.0,0.99,1.12,0.0,0.94,0.44,1.91,0.0,0.49,0.0,0.0,0.01,0.55,0.0,0.0,0.0,0.0,0.0,1.0,0.0,0.0,1.0,0.0,1.0,0.0,0.0,0.0,0.0,0.0,0.0,0.0,0.0,18,0,0.5670000000000001,0.98,1,sample_data/subj02_timepoint02.mp4
0.0,0.0,0.0,0.0,1.0,1.0,0.01,0.95,0.4,1.82,0.0,0.52,0.0,0.0,0.0,0.47,0.0,0.0,0.0,0.0,0.0,1.0,0.0,0.0,1.0,0.0,1.0,0.0,0.0,0.0,0.0,0.0,0.0,0.0,0.0,19,0,0.6,0.98,1,sample_data/subj02_timepoint02.mp4
0.0,0.0,0.0,0.0,1.0,1.07,0.05,0.91,0.39,1.78,0.0,0.49,0.0,0.0,0.02,0.41,0.0,0.0,0.0,0.0,0.0,1.0,0.0,0.0,1.0,0.0,1.0,0.0,0.0,0.0,0.0,0.0,0.0,0.0,0.0,20,0,0.633,0.98,1,sample_data/subj02_timepoint02.mp4
0.0,0.0,0.0,0.0,1.02,1.12,0.08,0.89,0.43,1.73,0.0,0.36,0.0,0.0,0.06,0.39,0.0,0.0,0.0,0.0,0.0,1.0,0.0,0.0,1.0,0.0,1.0,0.0,0.0,0.0,0.0,0.0,0.0,0.0,0.0,21,0,0.667,0.98,1,sample_data/subj02_timepoint02.mp4
0.0,0.0,0.0,0.0,1.06,1.23,0.06,0.81,0.46,1.74,0.0,0.25,0.04,0.0,0.06,0.41,0.0,0.0,0.0,0.0,0.0,1.0,0.0,0.0,1.0,0.0,1.0,0.0,0.0,0.0,0.0,0.0,0.0,0.0,0.0,22,0,0.7,0.98,1,sample_data/subj02_timepoint02.mp4
0.0,0.0,0.0,0.0,1.09,1.39,0.03,0.75,0.48,1.72,0.0,0.13,0.04,0.0,0.04,0.37,0.0,0.0,0.0,0.0,0.0,1.0,0.0,0.0,1.0,0.0,1.0,0.0,0.0,0.0,0.0,0.0,0.0,0.0,0.0,23,0,0.733,0.98,1,sample_data/subj02_timepoint02.mp4
0.0,0.0,0.0,0.0,1.06,1.36,0.03,0.77,0.41,1.7,0.0,0.16,0.04,0.0,0.04,0.34,0.0,0.0,0.0,0.0,0.0,1.0,0.0,0.0,1.0,0.0,1.0,0.0,0.0,0.0,0.0,0.0,0.0,0.0,0.0,24,0,0.767,0.98,1,sample_data/subj02_timepoint02.mp4
0.0,0.0,0.0,0.0,1.04,1.27,0.04,0.82,0.37,1.73,0.0,0.16,0.07,0.0,0.04,0.31,0.0,0.0,0.0,0.0,0.0,1.0,0.0,0.0,1.0,0.0,1.0,0.0,0.0,0.0,0.0,0.0,0.0,0.0,0.0,25,0,0.8,0.98,1,sample_data/subj02_timepoint02.mp4
0.0,0.0,0.0,0.0,1.04,1.23,0.08,0.92,0.35,1.73,0.0,0.36,0.16,0.05,0.04,0.28,0.0,0.0,0.0,0.0,0.0,1.0,0.0,0.0,1.0,0.0,1.0,0.0,0.0,0.0,0.0,0.0,0.0,0.0,0.0,26,0,0.833,0.98,1,sample_data/subj02_timepoint02.mp4
0.0,0.0,0.0,0.0,1.1,1.2,0.06,0.85,0.39,1.72,0.0,0.42,0.16,0.05,0.0,0.22,0.0,0.0,0.0,0.0,0.0,1.0,0.0,0.0,1.0,0.0,1.0,0.0,0.0,0.0,0.0,0.0,0.0,0.0,0.0,27,0,0.867,0.98,1,sample_data/subj02_timepoint02.mp4
0.0,0.0,0.0,0.0,1.11,1.28,0.05,0.89,0.43,1.68,0.0,0.52,0.1,0.05,0.02,0.24,0.0,0.0,0.0,0.0,0.0,1.0,0.0,0.0,1.0,0.0,1.0,0.0,0.0,0.0,0.0,0.0,0.0,0.0,0.0,28,0,0.9,0.98,1,sample_data/subj02_timepoint02.mp4
0.0,0.0,0.0,0.0,1.12,1.26,0.03,0.96,0.42,1.62,0.0,0.46,0.0,0.0,0.04,0.32,0.0,0.0,0.0,0.0,0.0,1.0,0.0,0.0,1.0,0.0,1.0,0.0,0.0,0.0,0.0,0.0,0.0,0.0,0.0,29,0,0.9329999999999999,0.98,1,sample_data/subj02_timepoint02.mp4
0.0,0.0,0.0,0.0,1.13,1.38,0.04,1.1,0.38,1.65,0.0,0.52,0.0,0.01,0.06,0.4,0.0,0.0,0.0,0.0,0.0,1.0,0.0,0.0,1.0,0.0,1.0,0.0,0.0,0.0,0.0,0.0,0.0,0.0,0.0,30,0,0.9670000000000001,0.98,1,sample_data/subj02_timepoint02.mp4
0.0,0.0,0.0,0.0,1.12,1.37,0.04,1.16,0.36,1.66,0.0,0.59,0.0,0.01,0.04,0.39,0.0,0.0,0.0,0.0,0.0,1.0,0.0,0.0,1.0,0.0,1.0,0.0,0.0,0.0,0.0,0.0,0.0,0.0,0.0,31,0,1.0,0.98,1,sample_data/subj02_timepoint02.mp4
0.0,0.0,0.0,0.0,1.09,1.43,0.0,1.15,0.36,1.74,0.0,0.67,0.0,0.05,0.04,0.41,0.0,0.0,0.0,0.0,0.0,1.0,0.0,0.0,1.0,0.0,1.0,0.0,0.0,0.0,0.0,0.0,0.0,0.0,0.0,32,0,1.033,0.98,1,sample_data/subj02_timepoint02.mp4
0.0,0.0,0.0,0.0,1.03,1.42,0.0,1.02,0.37,1.78,0.0,0.57,0.01,0.08,0.02,0.45,0.0,0.0,0.0,0.0,0.0,1.0,0.0,0.0,1.0,0.0,1.0,0.0,0.0,0.0,0.0,0.0,0.0,0.0,0.0,33,0,1.067,0.98,1,sample_data/subj02_timepoint02.mp4
0.0,0.0,0.0,0.0,0.97,1.49,0.02,0.93,0.33,1.74,0.0,0.41,0.01,0.08,0.02,0.34,0.0,0.0,0.0,0.0,0.0,1.0,0.0,0.0,1.0,0.0,1.0,0.0,0.0,0.0,0.0,0.0,0.0,0.0,0.0,34,0,1.1,0.98,1,sample_data/subj02_timepoint02.mp4
0.0,0.0,0.0,0.0,0.9,1.49,0.02,0.84,0.3,1.6,0.0,0.23,0.03,0.04,0.0,0.21,0.0,0.0,0.0,0.0,0.0,1.0,0.0,0.0,1.0,0.0,1.0,0.0,0.0,0.0,0.0,0.0,0.0,0.0,0.0,35,0,1.133,0.98,1,sample_data/subj02_timepoint02.mp4
0.02,0.06,0.0,0.0,0.95,1.57,0.02,0.96,0.33,1.58,0.0,0.26,0.02,0.04,0.0,0.04,0.0,0.0,0.0,0.0,0.0,1.0,0.0,0.0,1.0,0.0,1.0,0.0,0.0,0.0,0.0,0.0,0.0,0.0,0.0,36,0,1.167,0.98,1,sample_data/subj02_timepoint02.mp4
0.02,0.1,0.0,0.0,1.02,1.62,0.07,1.01,0.37,1.66,0.0,0.24,0.02,0.12,0.0,0.1,0.0,0.0,0.0,0.0,0.0,1.0,0.0,0.0,1.0,0.0,1.0,0.0,0.0,0.0,0.0,0.0,0.0,0.0,0.0,37,0,1.2,0.98,1,sample_data/subj02_timepoint02.mp4
0.02,0.1,0.0,0.0,1.13,1.6,0.14,1.17,0.44,1.82,0.0,0.42,0.0,0.13,0.07,0.05,0.0,0.0,0.0,0.0,0.0,1.0,0.0,0.0,1.0,0.0,1.0,0.0,0.0,0.0,0.0,0.0,0.0,0.0,0.0,38,0,1.2329999999999999,0.98,1,sample_data/subj02_timepoint02.mp4
0.0,0.05,0.0,0.0,1.15,1.51,0.2,1.28,0.49,1.9,0.0,0.49,0.0,0.17,0.07,0.05,0.0,0.0,0.0,0.0,0.0,1.0,0.0,0.0,1.0,0.0,1.0,0.0,0.0,0.0,0.0,0.0,0.0,0.0,0.0,39,0,1.2670000000000001,0.98,1,sample_data/subj02_timepoint02.mp4
0.0,0.0,0.0,0.0,1.17,1.29,0.15,1.46,0.55,2.02,0.05,0.69,0.0,0.24,0.13,0.0,0.0,0.0,0.0,0.0,0.0,1.0,0.0,0.0,1.0,0.0,1.0,0.0,0.0,0.0,0.0,0.0,0.0,0.0,0.0,40,0,1.3,0.98,1,sample_data/subj02_timepoint02.mp4
0.0,0.0,0.0,0.0,1.19,1.18,0.13,1.51,0.64,2.06,0.1,0.56,0.0,0.33,0.15,0.0,0.0,0.0,0.0,0.0,0.0,1.0,0.0,0.0,1.0,0.0,1.0,0.0,0.0,0.0,0.0,0.0,0.0,0.0,0.0,41,0,1.3330000000000002,0.98,1,sample_data/subj02_timepoint02.mp4
0.0,0.0,0.0,0.0,1.19,1.24,0.15,1.49,0.65,2.04,0.1,0.42,0.0,0.33,0.17,0.0,0.0,0.0,0.0,0.0,0.0,1.0,0.0,0.0,1.0,0.0,1.0,0.0,0.0,0.0,0.0,0.0,0.0,0.0,0.0,42,0,1.367,0.98,1,sample_data/subj02_timepoint02.mp4
0.04,0.0,0.0,0.0,1.22,1.35,0.21,1.43,0.67,1.97,0.05,0.37,0.0,0.27,0.14,0.0,0.0,0.0,0.0,0.0,0.0,1.0,0.0,0.0,1.0,0.0,1.0,0.0,0.0,0.0,0.0,0.0,0.0,0.0,0.0,43,0,1.4,0.98,1,sample_data/subj02_timepoint02.mp4
0.04,0.04,0.0,0.0,1.18,1.51,0.23,1.3,0.57,1.96,0.0,0.43,0.0,0.23,0.09,0.0,0.0,0.0,0.0,0.0,0.0,1.0,0.0,0.0,1.0,0.0,1.0,0.0,0.0,0.0,0.0,0.0,0.0,0.0,0.0,44,0,1.433,0.98,1,sample_data/subj02_timepoint02.mp4
0.04,0.07,0.0,0.0,1.14,1.49,0.24,1.19,0.52,2.0,0.0,0.46,0.0,0.21,0.1,0.0,0.0,0.0,0.0,0.0,0.0,1.0,0.0,0.0,1.0,0.0,1.0,0.0,0.0,0.0,0.0,0.0,0.0,0.0,0.0,45,0,1.4669999999999999,0.98,1,sample_data/subj02_timepoint02.mp4
0.01,0.07,0.0,0.0,1.09,1.45,0.26,1.18,0.49,2.03,0.0,0.48,0.0,0.12,0.07,0.0,0.0,0.0,0.0,0.0,0.0,1.0,0.0,0.0,1.0,0.0,1.0,0.0,0.0,0.0,0.0,0.0,0.0,0.0,0.0,46,0,1.5,0.98,1,sample_data/subj02_timepoint02.mp4
0.04,0.03,0.0,0.0,1.09,1.49,0.26,1.2,0.56,2.07,0.0,0.48,0.0,0.08,0.04,0.01,0.0,0.0,0.0,0.0,0.0,1.0,0.0,0.0,1.0,0.0,1.0,0.0,0.0,0.0,0.0,0.0,0.0,0.0,0.0,47,0,1.5330000000000001,0.98,1,sample_data/subj02_timepoint02.mp4
0.04,0.0,0.0,0.0,1.14,1.55,0.17,1.21,0.65,2.11,0.02,0.49,0.0,0.09,0.0,0.13,0.0,0.0,0.0,0.0,0.0,1.0,0.0,0.0,1.0,0.0,1.0,0.0,0.0,0.0,0.0,0.0,0.0,0.0,0.0,48,0,1.567,0.98,1,sample_data/subj02_timepoint02.mp4
0.04,0.0,0.0,0.0,1.13,1.66,0.08,1.16,0.74,2.21,0.07,0.44,0.0,0.18,0.0,0.25,0.0,0.0,0.0,0.0,0.0,1.0,1.0,0.0,1.0,1.0,1.0,0.0,0.0,0.0,0.0,0.0,0.0,0.0,0.0,49,0,1.6,0.98,1,sample_data/subj02_timepoint02.mp4
0.02,0.0,0.0,0.0,1.08,1.64,0.0,1.2,0.73,2.24,0.18,0.5,0.07,0.24,0.0,0.31,0.0,0.0,0.0,0.0,0.0,1.0,1.0,0.0,1.0,1.0,1.0,0.0,0.0,0.0,0.0,0.0,0.0,0.0,0.0,50,0,1.633,0.98,1,sample_data/subj02_timepoint02.mp4
0.05,0.0,0.0,0.0,1.01,1.49,0.0,1.29,0.72,2.23,0.16,0.71,0.07,0.27,0.0,0.36,0.0,0.0,0.0,0.0,0.0,1.0,1.0,0.0,1.0,1.0,1.0,0.0,0.0,0.0,0.0,0.0,0.0,0.0,0.0,51,0,1.6669999999999998,0.98,1,sample_data/subj02_timepoint02.mp4
0.09,0.0,0.0,0.0,0.99,1.22,0.0,1.22,0.66,2.1,0.11,0.65,0.07,0.18,0.0,0.38,0.0,0.0,0.0,0.0,0.0,1.0,1.0,0.0,1.0,1.0,1.0,0.0,0.0,0.0,0.0,0.0,0.0,0.0,0.0,52,0,1.7,0.98,1,sample_data/subj02_timepoint02.mp4
0.08,0.0,0.0,0.0,1.0,1.09,0.0,1.05,0.65,1.96,0.0,0.44,0.0,0.09,0.0,0.47,0.0,0.0,0.0,0.0,0.0,1.0,1.0,0.0,1.0,1.0,1.0,0.0,0.0,0.0,0.0,0.0,0.0,0.0,0.0,53,0,1.733,0.98,1,sample_data/subj02_timepoint02.mp4
0.05,0.0,0.0,0.0,0.89,1.08,0.0,0.93,0.64,1.76,0.0,0.24,0.0,0.0,0.0,0.46,0.0,0.0,0.0,0.0,0.0,1.0,1.0,0.0,1.0,1.0,1.0,0.0,0.0,0.0,0.0,0.0,0.0,0.0,0.0,54,0,1.767,0.98,1,sample_data/subj02_timepoint02.mp4
0.0,0.0,0.0,0.0,0.82,1.35,0.0,0.97,0.6,1.66,0.08,0.25,0.0,0.01,0.0,0.6,0.0,0.0,0.0,0.0,0.0,1.0,0.0,0.0,1.0,1.0,1.0,0.0,0.0,0.0,0.0,0.0,0.0,0.0,0.0,55,0,1.8,0.98,1,sample_data/subj02_timepoint02.mp4
0.0,0.0,0.0,0.0,0.74,1.35,0.0,1.01,0.57,1.68,0.08,0.25,0.08,0.01,0.0,0.65,0.0,0.0,0.0,0.0,0.0,1.0,0.0,0.0,1.0,1.0,1.0,0.0,0.0,0.0,0.0,0.0,0.0,0.0,0.0,56,0,1.8330000000000002,0.98,1,sample_data/subj02_timepoint02.mp4
0.0,0.0,0.01,0.0,0.77,1.41,0.0,0.91,0.56,1.84,0.08,0.15,0.21,0.01,0.04,0.67,0.0,0.0,0.0,0.0,0.0,1.0,0.0,0.0,1.0,1.0,1.0,0.0,0.0,0.0,0.0,0.0,0.0,0.0,0.0,57,0,1.867,0.98,1,sample_data/subj02_timepoint02.mp4
0.0,0.0,0.01,0.0,0.67,1.21,0.0,0.62,0.61,1.78,0.0,0.05,0.21,0.01,0.04,0.6,0.0,0.0,0.0,0.0,0.0,1.0,0.0,0.0,1.0,1.0,1.0,0.0,0.0,0.0,0.0,0.0,0.0,0.0,0.0,58,0,1.9,0.98,1,sample_data/subj02_timepoint02.mp4
0.0,0.0,0.01,0.0,0.6,1.2,0.0,0.38,0.64,1.71,0.0,0.03,0.13,0.01,0.07,0.6,0.0,0.0,0.0,0.0,0.0,1.0,0.0,0.0,0.0,1.0,1.0,0.0,0.0,0.0,0.0,0.0,0.0,0.0,0.0,59,0,1.933,0.98,1,sample_data/subj02_timepoint02.mp4
0.01,0.0,0.0,0.0,0.51,1.2,0.0,0.24,0.6,1.64,0.0,0.0,0.0,0.01,0.05,0.75,0.0,0.0,0.0,0.0,0.0,1.0,0.0,0.0,0.0,1.0,1.0,0.0,0.0,0.0,0.0,0.0,0.0,0.0,0.0,60,0,1.9669999999999999,0.98,1,sample_data/subj02_timepoint02.mp4
0.04,0.0,0.01,0.0,0.56,1.36,0.0,0.31,0.63,1.74,0.0,0.0,0.0,0.0,0.07,0.8,0.0,0.0,0.0,0.0,0.0,1.0,0.0,0.0,0.0,1.0,1.0,0.0,0.0,0.0,0.0,0.0,0.0,0.0,0.0,61,0,2.0,0.98,1,sample_data/subj02_timepoint02.mp4
0.04,0.0,0.04,0.0,0.56,1.31,0.0,0.29,0.64,1.79,0.0,0.0,0.0,0.0,0.13,0.79,0.0,0.0,0.0,0.0,0.0,1.0,0.0,0.0,0.0,1.0,1.0,0.0,0.0,0.0,0.0,0.0,0.0,0.0,0.0,62,0,2.033,0.98,1,sample_data/subj02_timepoint02.mp4
0.07,0.0,0.07,0.0,0.59,1.28,0.0,0.19,0.65,1.81,0.0,0.0,0.03,0.0,0.18,0.77,0.0,0.0,0.0,0.0,0.0,1.0,0.0,0.0,0.0,1.0,1.0,0.0,0.0,0.0,0.0,0.0,0.0,0.0,0.0,63,0,2.0669999999999997,0.98,1,sample_data/subj02_timepoint02.mp4
0.04,0.0,0.08,0.0,0.55,1.1,0.0,0.04,0.6,1.8,0.0,0.0,0.06,0.0,0.32,0.82,0.0,0.0,0.0,0.0,1.0,1.0,0.0,0.0,0.0,1.0,1.0,0.0,0.0,0.0,0.0,0.0,0.0,0.0,0.0,64,0,2.1,0.98,1,sample_data/subj02_timepoint02.mp4
0.04,0.0,0.09,0.0,0.52,1.07,0.0,0.01,0.56,1.74,0.0,0.0,0.09,0.0,0.43,1.05,0.0,0.0,0.0,0.0,1.0,1.0,0.0,0.0,0.0,1.0,1.0,0.0,0.0,0.0,0.0,0.0,0.0,0.0,0.0,65,0,2.133,0.98,1,sample_data/subj02_timepoint02.mp4
0.07,0.0,0.07,0.0,0.52,1.12,0.0,0.03,0.58,1.6,0.0,0.0,0.05,0.0,0.59,1.11,0.0,0.0,0.0,0.0,1.0,1.0,0.0,0.0,0.0,1.0,1.0,0.0,0.0,0.0,0.0,0.0,0.0,0.0,0.0,66,0,2.167,0.98,1,sample_data/subj02_timepoint02.mp4
0.07,0.0,0.07,0.0,0.54,1.23,0.0,0.03,0.55,1.47,0.0,0.0,0.04,0.0,0.69,1.25,0.0,0.0,0.0,0.0,1.0,1.0,0.0,0.0,0.0,1.0,1.0,0.0,0.0,0.0,0.0,0.0,0.0,0.0,0.0,67,0,2.2,0.98,1,sample_data/subj02_timepoint02.mp4
0.07,0.0,0.06,0.0,0.56,1.19,0.0,0.03,0.59,1.49,0.0,0.0,0.08,0.0,0.74,1.37,0.0,0.0,0.0,0.0,0.0,1.0,0.0,0.0,0.0,1.0,1.0,0.0,0.0,0.0,0.0,1.0,0.0,0.0,0.0,68,0,2.233,0.98,1,sample_data/subj02_timepoint02.mp4
0.02,0.0,0.07,0.0,0.53,0.98,0.0,0.02,0.55,1.73,0.04,0.0,0.11,0.0,0.7,1.52,0.0,0.0,0.0,0.0,0.0,1.0,0.0,0.0,0.0,1.0,1.0,0.0,0.0,0.0,0.0,1.0,0.0,0.0,0.0,69,0,2.267,0.98,1,sample_data/subj02_timepoint02.mp4
0.02,0.0,0.05,0.0,0.47,0.95,0.0,0.1,0.56,1.96,0.04,0.0,0.1,0.0,0.65,1.51,0.0,0.0,0.0,0.0,0.0,1.0,0.0,0.0,0.0,1.0,1.0,0.0,0.0,0.0,0.0,1.0,0.0,0.0,0.0,70,0,2.3,0.98,1,sample_data/subj02_timepoint02.mp4
0.04,0.0,0.04,0.0,0.43,1.06,0.0,0.16,0.54,2.1,0.09,0.0,0.03,0.0,0.63,1.45,0.0,0.0,0.0,0.0,0.0,1.0,0.0,0.0,0.0,1.0,1.0,0.0,0.0,0.0,0.0,1.0,0.0,0.0,0.0,71,0,2.333,0.98,1,sample_data/subj02_timepoint02.mp4
0.04,0.0,0.02,0.0,0.42,1.22,0.0,0.24,0.59,2.0,0.07,0.0,0.01,0.0,0.71,1.5,0.0,0.0,0.0,0.0,0.0,1.0,0.0,0.0,0.0,1.0,1.0,0.0,0.0,0.0,0.0,1.0,0.0,0.0,0.0,72,0,2.367,0.98,1,sample_data/subj02_timepoint02.mp4
0.05,0.0,0.04,0.0,0.42,1.18,0.0,0.19,0.6,1.94,0.1,0.0,0.01,0.0,0.73,1.55,0.0,0.0,0.0,0.0,0.0,1.0,0.0,0.0,0.0,1.0,1.0,0.0,0.0,0.0,0.0,1.0,0.0,0.0,0.0,73,0,2.4,0.98,1,sample_data/subj02_timepoint02.mp4
0.05,0.0,0.03,0.0,0.44,1.18,0.0,0.13,0.58,1.84,0.04,0.0,0.03,0.0,0.85,1.59,0.0,0.0,0.0,0.0,0.0,1.0,0.0,0.0,0.0,1.0,1.0,0.0,0.0,0.0,0.0,1.0,0.0,0.0,0.0,74,0,2.4330000000000003,0.98,1,sample_data/subj02_timepoint02.mp4
0.03,0.0,0.02,0.0,0.47,1.26,0.0,0.07,0.54,1.87,0.16,0.01,0.05,0.0,0.75,1.54,0.0,0.0,0.0,0.0,0.0,1.0,0.0,0.0,0.0,1.0,1.0,0.0,0.0,0.0,0.0,1.0,0.0,0.0,0.0,75,0,2.467,0.98,1,sample_data/subj02_timepoint02.mp4
0.02,0.0,0.0,0.0,0.55,1.42,0.0,0.11,0.54,1.8,0.15,0.05,0.08,0.0,0.69,1.58,0.0,0.0,0.0,0.0,0.0,1.0,0.0,0.0,0.0,1.0,1.0,0.0,0.0,0.0,0.0,0.0,0.0,0.0,0.0,76,0,2.5,0.98,1,sample_data/subj02_timepoint02.mp4
0.0,0.0,0.0,0.0,0.57,1.5,0.0,0.21,0.53,1.77,0.17,0.05,0.34,0.0,0.56,1.56,0.0,0.0,0.0,0.0,0.0,1.0,0.0,0.0,0.0,1.0,1.0,0.0,0.0,0.0,0.0,0.0,0.0,0.0,0.0,77,0,2.533,0.98,1,sample_data/subj02_timepoint02.mp4
0.0,0.0,0.0,0.0,0.55,1.35,0.0,0.38,0.5,1.73,0.04,0.03,0.34,0.0,0.49,1.47,0.0,0.0,0.0,0.0,0.0,1.0,0.0,0.0,0.0,1.0,1.0,0.0,0.0,0.0,0.0,0.0,0.0,0.0,0.0,78,0,2.5669999999999997,0.98,1,sample_data/subj02_timepoint02.mp4
0.03,0.0,0.0,0.0,0.61,1.19,0.0,0.43,0.41,1.73,0.02,0.05,0.36,0.0,0.45,1.29,0.0,0.0,0.0,0.0,0.0,1.0,0.0,0.0,0.0,1.0,1.0,0.0,0.0,0.0,0.0,0.0,0.0,0.0,0.0,79,0,2.6,0.98,1,sample_data/subj02_timepoint02.mp4
0.03,0.0,0.0,0.0,0.63,1.22,0.06,0.41,0.32,1.68,0.0,0.09,0.19,0.03,0.39,1.22,0.0,0.0,0.0,0.0,0.0,1.0,0.0,0.0,1.0,1.0,1.0,0.0,0.0,0.0,0.0,0.0,0.0,0.0,0.0,80,0,2.633,0.98,1,sample_data/subj02_timepoint02.mp4
0.03,0.0,0.0,0.0,0.68,1.25,0.09,0.43,0.29,1.56,0.0,0.19,0.21,0.03,0.38,1.23,0.06,0.0,0.0,0.0,0.0,1.0,0.0,0.0,1.0,1.0,1.0,0.0,0.0,0.0,0.0,0.0,0.0,0.0,0.0,81,0,2.667,0.98,1,sample_data/subj02_timepoint02.mp4
0.0,0.0,0.0,0.0,0.64,1.31,0.1,0.52,0.28,1.5,0.0,0.25,0.16,0.03,0.45,1.21,0.06,0.0,0.0,0.0,0.0,1.0,0.0,0.0,1.0,0.0,1.0,0.0,0.0,0.0,0.0,0.0,0.0,0.0,0.0,82,0,2.7,0.98,1,sample_data/subj02_timepoint02.mp4
0.0,0.0,0.0,0.0,0.72,1.3,0.06,0.69,0.32,1.58,0.0,0.35,0.05,0.0,0.43,1.04,0.15,0.0,0.0,0.0,0.0,1.0,0.0,0.0,1.0,0.0,1.0,0.0,0.0,0.0,0.0,0.0,0.0,0.0,0.0,83,0,2.733,0.98,1,sample_data/subj02_timepoint02.mp4
0.0,0.0,0.0,0.07,0.66,1.14,0.03,0.68,0.32,1.62,0.05,0.41,0.0,0.0,0.47,0.75,0.13,0.0,0.0,0.0,0.0,1.0,0.0,0.0,1.0,0.0,1.0,0.0,0.0,0.0,0.0,0.0,0.0,0.0,0.0,84,0,2.767,0.98,1,sample_data/subj02_timepoint02.mp4
0.0,0.0,0.0,0.07,0.67,1.11,0.02,0.68,0.34,1.65,0.05,0.38,0.0,0.0,0.65,0.66,0.14,0.0,0.0,0.0,0.0,1.0,0.0,0.0,1.0,0.0,1.0,0.0,0.0,0.0,0.0,0.0,0.0,0.0,0.0,85,0,2.8,0.98,1,sample_data/subj02_timepoint02.mp4
0.0,0.0,0.0,0.07,0.64,0.93,0.0,0.57,0.4,1.63,0.05,0.48,0.0,0.0,0.74,0.74,0.04,0.0,0.0,0.0,0.0,1.0,0.0,0.0,1.0,0.0,1.0,0.0,0.0,0.0,0.0,0.0,0.0,0.0,0.0,86,0,2.833,0.98,1,sample_data/subj02_timepoint02.mp4
0.0,0.0,0.0,0.0,0.64,1.13,0.0,0.52,0.43,1.65,0.03,0.53,0.0,0.0,0.94,0.71,0.06,0.0,0.0,0.0,0.0,1.0,0.0,0.0,1.0,0.0,1.0,0.0,0.0,0.0,0.0,0.0,0.0,0.0,0.0,87,0,2.867,0.98,1,sample_data/subj02_timepoint02.mp4
0.0,0.0,0.0,0.01,0.52,1.08,0.0,0.43,0.44,1.73,0.13,0.51,0.0,0.0,0.88,0.56,0.34,0.0,0.0,0.0,0.0,1.0,0.0,0.0,1.0,0.0,1.0,0.0,0.0,0.0,0.0,0.0,0.0,0.0,0.0,88,0,2.9,0.98,1,sample_data/subj02_timepoint02.mp4
0.0,0.0,0.0,0.01,0.41,1.14,0.0,0.43,0.41,1.8,0.13,0.35,0.0,0.0,0.94,0.19,0.57,0.0,0.0,0.0,0.0,1.0,0.0,0.0,1.0,0.0,1.0,0.0,0.0,0.0,0.0,0.0,0.0,0.0,0.0,89,0,2.9330000000000003,0.98,1,sample_data/subj02_timepoint02.mp4
0.0,0.0,0.0,0.01,0.42,1.09,0.0,0.48,0.43,1.97,0.1,0.3,0.0,0.0,0.88,0.08,0.85,0.0,0.0,0.0,0.0,1.0,0.0,0.0,1.0,0.0,1.0,0.0,0.0,0.0,0.0,0.0,0.0,0.0,0.0,90,0,2.967,0.98,1,sample_data/subj02_timepoint02.mp4
0.1,0.07,0.0,0.03,0.48,1.12,0.0,0.58,0.46,1.98,0.0,0.43,0.0,0.0,0.86,0.07,0.76,0.0,0.0,0.0,0.0,1.0,0.0,0.0,1.0,0.0,1.0,0.0,0.0,0.0,0.0,0.0,0.0,0.0,0.0,91,0,3.0,0.98,1,sample_data/subj02_timepoint02.mp4
0.24,0.22,0.0,0.02,0.52,1.02,0.0,0.69,0.54,1.95,0.01,0.51,0.0,0.0,0.82,0.07,0.59,0.0,0.0,0.0,0.0,1.0,0.0,0.0,1.0,0.0,1.0,0.0,0.0,0.0,0.0,0.0,0.0,0.0,0.0,92,0,3.033,0.98,1,sample_data/subj02_timepoint02.mp4
0.36,0.28,0.0,0.11,0.53,1.04,0.0,0.77,0.53,1.77,0.12,0.6,0.0,0.0,0.85,0.07,0.41,0.0,0.0,0.0,0.0,1.0,0.0,0.0,1.0,0.0,1.0,0.0,0.0,0.0,0.0,0.0,0.0,0.0,0.0,93,0,3.0669999999999997,0.98,1,sample_data/subj02_timepoint02.mp4
0.42,0.31,0.0,0.1,0.59,1.0,0.0,0.75,0.6,1.71,0.25,0.6,0.0,0.0,0.79,0.0,0.4,1.0,0.0,0.0,0.0,1.0,0.0,0.0,1.0,0.0,1.0,0.0,0.0,0.0,0.0,0.0,0.0,0.0,0.0,94,0,3.1,0.98,1,sample_data/subj02_timepoint02.mp4
0.54,0.38,0.0,0.26,0.66,1.15,0.0,0.74,0.65,1.74,0.37,0.67,0.0,0.0,0.77,0.0,0.61,1.0,0.0,0.0,0.0,1.0,0.0,0.0,1.0,0.0,1.0,0.0,0.0,0.0,0.0,0.0,0.0,0.0,0.0,95,0,3.133,0.98,1,sample_data/subj02_timepoint02.mp4
0.66,0.63,0.0,0.36,0.68,1.3,0.0,0.79,0.73,1.81,0.34,0.67,0.0,0.0,0.7,0.0,0.72,1.0,0.0,0.0,0.0,1.0,0.0,0.0,1.0,0.0,1.0,0.0,0.0,0.0,0.0,0.0,0.0,0.0,0.0,96,0,3.167,0.98,1,sample_data/subj02_timepoint02.mp4
0.72,0.88,0.0,0.6,0.66,1.37,0.0,0.8,0.79,1.91,0.3,0.77,0.0,0.0,0.59,0.0,0.78,1.0,0.0,0.0,0.0,1.0,0.0,0.0,1.0,0.0,1.0,0.0,0.0,0.0,0.0,0.0,0.0,0.0,0.0,97,0,3.2,0.98,1,sample_data/subj02_timepoint02.mp4
0.64,0.88,0.0,0.58,0.64,1.39,0.0,0.81,0.78,1.97,0.27,0.86,0.0,0.0,0.6,0.0,0.67,1.0,0.0,0.0,0.0,1.0,0.0,0.0,1.0,0.0,1.0,0.0,0.0,0.0,0.0,0.0,0.0,0.0,0.0,98,0,3.233,0.98,1,sample_data/subj02_timepoint02.mp4
0.66,0.91,0.0,0.58,0.63,1.26,0.0,0.77,0.78,2.14,0.38,0.88,0.0,0.0,0.59,0.0,0.61,1.0,0.0,0.0,0.0,1.0,0.0,0.0,1.0,0.0,1.0,0.0,0.0,0.0,0.0,0.0,0.0,0.0,0.0,99,0,3.267,0.98,1,sample_data/subj02_timepoint02.mp4
0.72,0.89,0.0,0.5,0.6,1.26,0.0,0.83,0.76,2.26,0.43,0.88,0.0,0.0,0.63,0.0,0.59,1.0,0.0,0.0,0.0,1.0,0.0,0.0,1.0,0.0,1.0,0.0,0.0,0.0,0.0,0.0,0.0,0.0,0.0,100,0,3.3,0.98,1,sample_data/subj02_timepoint02.mp4
0.78,0.87,0.0,0.5,0.58,1.12,0.0,0.85,0.72,2.36,0.42,0.89,0.0,0.0,0.6,0.0,0.62,0.0,0.0,0.0,0.0,1.0,0.0,0.0,1.0,0.0,1.0,0.0,0.0,0.0,0.0,0.0,0.0,0.0,0.0,101,0,3.333,0.98,1,sample_data/subj02_timepoint02.mp4
0.72,0.8,0.0,0.41,0.6,1.06,0.0,0.82,0.72,2.39,0.27,0.82,0.0,0.0,0.56,0.0,0.57,0.0,0.0,0.0,0.0,1.0,0.0,0.0,1.0,0.0,1.0,0.0,0.0,0.0,0.0,0.0,0.0,0.0,0.0,102,0,3.367,0.98,1,sample_data/subj02_timepoint02.mp4
0.59,0.6,0.0,0.36,0.66,0.92,0.01,0.82,0.71,2.15,0.22,0.79,0.0,0.0,0.67,0.0,0.56,1.0,0.0,0.0,0.0,1.0,0.0,0.0,1.0,0.0,1.0,0.0,0.0,0.0,0.0,0.0,0.0,0.0,0.0,103,0,3.4,0.98,1,sample_data/subj02_timepoint02.mp4
0.45,0.56,0.0,0.34,0.66,0.84,0.01,0.83,0.69,1.93,0.24,0.82,0.0,0.0,0.59,0.0,0.51,0.0,0.0,0.0,0.0,1.0,0.0,0.0,1.0,0.0,1.0,0.0,0.0,0.0,0.0,0.0,0.0,0.0,0.0,104,0,3.4330000000000003,0.98,1,sample_data/subj02_timepoint02.mp4
0.4,0.3,0.0,0.43,0.72,0.89,0.01,0.95,0.67,1.7,0.28,0.88,0.0,0.0,0.61,0.0,0.51,0.0,0.0,0.0,0.0,1.0,0.0,0.0,1.0,0.0,1.0,0.0,0.0,0.0,0.0,0.0,0.0,0.0,0.0,105,0,3.467,0.98,1,sample_data/subj02_timepoint02.mp4
0.33,0.16,0.0,0.45,0.77,0.89,0.0,1.02,0.63,1.77,0.25,0.82,0.0,0.0,0.51,0.0,0.47,0.0,0.0,0.0,0.0,1.0,0.0,0.0,1.0,0.0,1.0,0.0,0.0,0.0,0.0,0.0,0.0,0.0,0.0,106,0,3.5,0.98,1,sample_data/subj02_timepoint02.mp4
0.36,0.0,0.0,0.47,0.82,0.89,0.0,1.03,0.64,1.72,0.14,0.62,0.0,0.0,0.63,0.0,0.54,0.0,0.0,0.0,0.0,1.0,0.0,0.0,1.0,1.0,1.0,0.0,0.0,0.0,0.0,0.0,0.0,0.0,0.0,107,0,3.533,0.98,1,sample_data/subj02_timepoint02.mp4
0.21,0.0,0.0,0.37,0.78,0.88,0.0,0.95,0.71,1.73,0.06,0.62,0.0,0.0,0.53,0.0,0.54,0.0,0.0,0.0,0.0,1.0,0.0,0.0,1.0,1.0,1.0,0.0,0.0,0.0,0.0,0.0,0.0,0.0,0.0,108,0,3.5669999999999997,0.98,1,sample_data/subj02_timepoint02.mp4
0.12,0.0,0.0,0.23,0.76,1.06,0.0,0.9,0.83,1.61,0.0,0.43,0.0,0.0,0.34,0.0,0.44,0.0,0.0,0.0,0.0,1.0,0.0,0.0,1.0,1.0,1.0,0.0,0.0,0.0,0.0,0.0,0.0,0.0,0.0,109,0,3.6,0.98,1,sample_data/subj02_timepoint02.mp4
0.0,0.0,0.0,0.11,0.72,1.42,0.01,0.91,0.82,1.73,0.0,0.3,0.03,0.0,0.23,0.17,0.41,0.0,0.0,0.0,0.0,1.0,0.0,0.0,1.0,1.0,1.0,0.0,0.0,0.0,0.0,0.0,0.0,0.0,0.0,110,0,3.633,0.98,1,sample_data/subj02_timepoint02.mp4
0.0,0.0,0.0,0.02,0.66,1.46,0.01,0.75,0.69,1.65,0.0,0.08,0.03,0.0,0.2,0.36,0.35,0.0,0.0,0.0,0.0,1.0,0.0,0.0,1.0,1.0,1.0,0.0,0.0,0.0,0.0,0.0,0.0,0.0,0.0,111,0,3.667,0.98,1,sample_data/subj02_timepoint02.mp4
0.0,0.0,0.0,0.02,0.59,1.41,0.01,0.68,0.52,1.72,0.08,0.22,0.09,0.0,0.28,0.62,0.24,0.0,0.0,0.0,0.0,1.0,0.0,0.0,1.0,1.0,1.0,0.0,0.0,0.0,0.0,0.0,0.0,0.0,0.0,112,0,3.7,0.98,1,sample_data/subj02_timepoint02.mp4
0.01,0.0,0.0,0.0,0.54,1.34,0.0,0.44,0.51,1.73,0.08,0.26,0.13,0.0,0.33,0.67,0.15,0.0,0.0,0.0,0.0,1.0,0.0,0.0,0.0,1.0,1.0,0.0,0.0,0.0,0.0,0.0,0.0,0.0,1.0,113,0,3.733,0.98,1,sample_data/subj02_timepoint02.mp4
0.01,0.0,0.03,0.0,0.52,1.41,0.0,0.44,0.56,1.73,0.08,0.24,0.13,0.0,0.51,0.96,0.22,0.0,0.0,0.0,0.0,1.0,0.0,0.0,0.0,1.0,1.0,0.0,0.0,0.0,0.0,0.0,0.0,0.0,1.0,114,0,3.767,0.98,1,sample_data/subj02_timepoint02.mp4
0.02,0.0,0.06,0.0,0.52,1.61,0.0,0.38,0.66,1.64,0.0,0.08,0.15,0.0,0.6,1.17,0.22,0.0,0.0,0.0,0.0,1.0,0.0,0.0,0.0,1.0,1.0,0.0,0.0,0.0,0.0,0.0,0.0,0.0,1.0,115,0,3.8,0.98,1,sample_data/subj02_timepoint02.mp4
0.05,0.0,0.08,0.0,0.58,1.58,0.0,0.45,0.61,1.46,0.15,0.0,0.13,0.0,0.59,1.26,0.15,0.0,0.0,0.0,0.0,1.0,0.0,0.0,0.0,1.0,1.0,0.0,0.0,0.0,0.0,0.0,0.0,0.0,1.0,116,0,3.833,0.98,1,sample_data/subj02_timepoint02.mp4
0.05,0.0,0.08,0.0,0.6,1.42,0.0,0.52,0.58,1.68,0.15,0.0,0.13,0.02,0.36,0.96,0.0,0.0,0.0,0.0,0.0,1.0,0.0,0.0,0.0,1.0,1.0,0.0,0.0,0.0,0.0,0.0,0.0,0.0,1.0,117,0,3.867,0.98,1,sample_data/subj02_timepoint02.mp4
0.03,0.0,0.05,0.0,0.6,1.19,0.0,0.47,0.52,1.9,0.15,0.0,0.07,0.02,0.31,0.72,0.0,0.0,0.0,0.0,0.0,1.0,0.0,0.0,0.0,1.0,1.0,0.0,0.0,0.0,0.0,0.0,0.0,0.0,0.0,118,0,3.9,0.98,1,sample_data/subj02_timepoint02.mp4
0.02,0.0,0.09,0.0,0.57,1.12,0.0,0.45,0.53,2.02,0.02,0.0,0.03,0.02,0.17,0.65,0.0,0.0,0.0,0.0,0.0,1.0,0.0,0.0,0.0,1.0,1.0,0.0,0.0,0.0,0.0,0.0,0.0,0.0,0.0,119,0,3.9330000000000003,0.98,1,sample_data/subj02_timepoint02.mp4
0.02,0.0,0.06,0.0,0.58,1.09,0.0,0.41,0.55,2.03,0.16,0.0,0.03,0.02,0.16,0.69,0.0,0.0,0.0,0.0,0.0,1.0,0.0,0.0,0.0,1.0,1.0,0.0,0.0,0.0,0.0,0.0,0.0,0.0,0.0,120,0,3.967,0.98,1,sample_data/subj02_timepoint02.mp4
0.02,0.11,0.16,0.0,0.63,1.03,0.0,0.54,0.61,2.18,0.29,0.0,0.01,0.16,0.03,0.64,0.0,0.0,0.0,0.0,0.0,1.0,0.0,0.0,0.0,1.0,1.0,0.0,0.0,0.0,0.0,0.0,0.0,0.0,0.0,121,0,4.0,0.98,1,sample_data/subj02_timepoint02.mp4
0.02,0.35,0.22,0.0,0.62,0.95,0.0,0.57,0.72,2.39,0.47,0.0,0.0,0.29,0.0,0.58,0.0,0.0,0.0,0.0,0.0,1.0,0.0,0.0,0.0,1.0,1.0,0.0,0.0,0.0,0.0,1.0,1.0,0.0,0.0,122,0,4.033,0.98,1,sample_data/subj02_timepoint02.mp4
0.09,0.69,0.35,0.0,0.61,1.1,0.0,0.67,0.83,2.47,0.45,0.0,0.0,0.39,0.0,0.48,0.0,0.0,0.0,0.0,0.0,1.0,0.0,0.0,0.0,1.0,1.0,0.0,0.0,0.0,0.0,1.0,1.0,0.0,0.0,123,0,4.067,0.98,1,sample_data/subj02_timepoint02.mp4
0.13,0.83,0.41,0.0,0.57,1.14,0.0,0.68,0.91,2.54,0.54,0.0,0.0,0.44,0.0,0.44,0.0,0.0,0.0,0.0,0.0,1.0,0.0,0.0,0.0,1.0,1.0,0.0,0.0,0.0,0.0,1.0,1.0,0.0,0.0,124,0,4.1,0.98,1,sample_data/subj02_timepoint02.mp4
0.19,0.76,0.36,0.0,0.52,0.98,0.0,0.8,0.91,2.56,0.41,0.0,0.0,0.56,0.0,0.43,0.0,0.0,0.0,0.0,0.0,1.0,0.0,0.0,0.0,1.0,1.0,0.0,0.0,0.0,0.0,1.0,1.0,0.0,0.0,125,0,4.133,0.98,1,sample_data/subj02_timepoint02.mp4
0.19,0.59,0.31,0.01,0.47,0.86,0.0,0.74,0.87,2.64,0.4,0.0,0.02,0.71,0.05,0.29,0.0,0.0,0.0,0.0,0.0,1.0,0.0,0.0,0.0,1.0,1.0,0.0,0.0,0.0,0.0,1.0,1.0,0.0,0.0,126,0,4.167,0.98,1,sample_data/subj02_timepoint02.mp4
0.21,0.5,0.19,0.01,0.45,0.98,0.0,0.69,0.82,2.58,0.25,0.0,0.01,0.69,0.08,0.29,0.0,0.0,0.0,0.0,0.0,1.0,0.0,0.0,0.0,1.0,1.0,0.0,0.0,0.0,0.0,1.0,1.0,0.0,0.0,127,0,4.2,0.98,1,sample_data/subj02_timepoint02.mp4
0.19,0.45,0.2,0.01,0.51,1.19,0.0,0.63,0.8,2.6,0.24,0.0,0.01,0.63,0.09,0.14,0.0,0.0,0.0,0.0,0.0,1.0,0.0,0.0,0.0,1.0,1.0,0.0,0.0,0.0,0.0,1.0,1.0,0.0,0.0,128,0,4.2330000000000005,0.98,1,sample_data/subj02_timepoint02.mp4
0.23,0.45,0.17,0.0,0.56,1.2,0.0,0.64,0.8,2.38,0.23,0.0,0.12,0.58,0.08,0.37,0.0,0.0,0.0,0.0,0.0,1.0,0.0,0.0,0.0,1.0,1.0,0.0,0.0,0.0,0.0,1.0,1.0,0.0,0.0,129,0,4.2669999999999995,0.98,1,sample_data/subj02_timepoint02.mp4
0.23,0.3,0.21,0.0,0.55,1.17,0.0,0.61,0.63,2.23,0.29,0.0,0.12,0.44,0.14,0.67,0.0,0.0,0.0,0.0,0.0,1.0,0.0,0.0,0.0,1.0,1.0,0.0,0.0,0.0,0.0,1.0,1.0,0.0,0.0,130,0,4.3,0.98,1,sample_data/subj02_timepoint02.mp4
0.24,0.17,0.13,0.0,0.52,1.15,0.0,0.53,0.51,2.0,0.35,0.0,0.12,0.25,0.3,1.01,0.0,0.0,0.0,0.0,0.0,1.0,0.0,0.0,0.0,1.0,1.0,0.0,0.0,0.0,0.0,1.0,0.0,0.0,1.0,131,0,4.333,0.98,1,sample_data/subj02_timepoint02.mp4
0.12,0.0,0.08,0.0,0.57,1.37,0.0,0.48,0.43,1.82,0.31,0.0,0.17,0.04,0.5,1.23,0.0,0.0,0.0,0.0,0.0,1.0,0.0,0.0,0.0,1.0,1.0,0.0,0.0,0.0,0.0,1.0,0.0,0.0,1.0,132,0,4.367,0.98,1,sample_data/subj02_timepoint02.mp4
0.06,0.0,0.0,0.0,0.62,1.63,0.0,0.43,0.5,1.7,0.18,0.0,0.26,0.0,0.49,1.18,0.0,0.0,0.0,0.0,0.0,1.0,0.0,0.0,0.0,1.0,1.0,0.0,0.0,0.0,0.0,1.0,0.0,0.0,1.0,133,0,4.4,0.98,1,sample_data/subj02_timepoint02.mp4
0.0,0.0,0.0,0.0,0.75,1.73,0.02,0.52,0.5,1.42,0.05,0.08,0.41,0.0,0.52,1.22,0.0,0.0,0.0,0.0,0.0,1.0,0.0,0.0,0.0,1.0,1.0,0.0,0.0,0.0,0.0,0.0,0.0,0.0,1.0,134,0,4.433,0.98,1,sample_data/subj02_timepoint02.mp4
0.0,0.0,0.0,0.0,0.78,1.82,0.04,0.53,0.46,1.35,0.0,0.13,0.36,0.0,0.44,0.89,0.0,0.0,0.0,0.0,0.0,1.0,0.0,0.0,0.0,1.0,1.0,0.0,0.0,0.0,0.0,0.0,0.0,0.0,1.0,135,0,4.467,0.98,1,sample_data/subj02_timepoint02.mp4
0.0,0.0,0.0,0.0,0.93,1.67,0.17,0.64,0.36,1.32,0.0,0.21,0.41,0.0,0.41,0.67,0.0,0.0,0.0,0.0,0.0,1.0,0.0,0.0,0.0,1.0,1.0,0.0,0.0,0.0,0.0,0.0,0.0,0.0,1.0,136,0,4.5,0.98,1,sample_data/subj02_timepoint02.mp4
0.15,0.0,0.0,0.0,0.97,1.88,0.24,0.83,0.39,1.53,0.0,0.34,0.27,0.0,0.21,0.27,0.0,0.0,0.0,0.0,0.0,1.0,0.0,0.0,1.0,0.0,1.0,0.0,0.0,0.0,0.0,0.0,0.0,0.0,1.0,137,0,4.533,0.98,1,sample_data/subj02_timepoint02.mp4
0.16,0.0,0.0,0.0,1.09,1.78,0.34,1.2,0.48,1.75,0.01,0.67,0.25,0.0,0.04,0.14,0.18,0.0,0.0,0.0,0.0,1.0,0.0,0.0,1.0,0.0,1.0,0.0,0.0,0.0,0.0,0.0,0.0,0.0,1.0,138,0,4.567,0.98,1,sample_data/subj02_timepoint02.mp4
0.37,0.09,0.0,0.0,1.15,1.86,0.41,1.39,0.54,1.7,0.01,0.77,0.1,0.0,0.0,0.0,0.36,0.0,0.0,0.0,0.0,1.0,0.0,0.0,1.0,0.0,1.0,0.0,0.0,0.0,0.0,0.0,0.0,0.0,1.0,139,0,4.6,0.98,1,sample_data/subj02_timepoint02.mp4
0.48,0.43,0.0,0.0,1.18,1.6,0.37,1.45,0.55,1.84,0.01,0.76,0.1,0.0,0.16,0.0,0.54,1.0,1.0,0.0,0.0,1.0,0.0,0.0,1.0,0.0,1.0,0.0,0.0,0.0,0.0,0.0,0.0,0.0,0.0,140,0,4.633,0.98,1,sample_data/subj02_timepoint02.mp4
0.82,0.83,0.0,0.0,1.18,1.5,0.29,1.45,0.58,1.94,0.0,0.57,0.0,0.0,0.33,0.0,0.57,1.0,1.0,0.0,0.0,1.0,0.0,0.0,1.0,0.0,1.0,1.0,0.0,0.0,0.0,0.0,0.0,0.0,0.0,141,0,4.667,0.98,1,sample_data/subj02_timepoint02.mp4
0.88,1.07,0.05,0.0,1.06,1.4,0.26,1.48,0.58,2.24,0.03,0.57,0.0,0.0,0.52,0.0,0.65,1.0,1.0,0.0,0.0,1.0,0.0,0.0,1.0,0.0,1.0,1.0,0.0,0.0,0.0,0.0,0.0,0.0,0.0,142,0,4.7,0.98,1,sample_data/subj02_timepoint02.mp4
0.95,1.1,0.05,0.0,1.01,1.47,0.32,1.52,0.55,2.36,0.14,0.63,0.0,0.0,0.43,0.0,0.8,1.0,1.0,0.0,0.0,1.0,0.0,0.0,1.0,0.0,1.0,1.0,0.0,0.0,0.0,0.0,0.0,0.0,0.0,143,0,4.7330000000000005,0.98,1,sample_data/subj02_timepoint02.mp4
0.91,0.96,0.05,0.0,0.93,1.63,0.41,1.55,0.5,2.46,0.14,0.74,0.0,0.0,0.38,0.0,0.74,1.0,1.0,0.0,0.0,1.0,0.0,0.0,1.0,0.0,1.0,1.0,0.0,0.0,0.0,0.0,0.0,0.0,0.0,144,0,4.7669999999999995,0.98,1,sample_data/subj02_timepoint02.mp4
1.07,0.99,0.0,0.07,0.92,1.5,0.32,1.55,0.6,2.62,0.3,1.0,0.08,0.04,0.21,0.0,0.58,1.0,1.0,0.0,0.0,1.0,0.0,0.0,1.0,0.0,1.0,1.0,0.0,0.0,0.0,0.0,0.0,0.0,0.0,145,0,4.8,0.98,1,sample_data/subj02_timepoint02.mp4
1.17,0.9,0.0,0.18,0.88,1.37,0.29,1.58,0.67,2.64,0.58,1.21,0.12,0.04,0.14,0.0,0.31,1.0,1.0,0.0,0.0,1.0,0.0,0.0,1.0,0.0,1.0,1.0,0.0,0.0,0.0,0.0,0.0,0.0,0.0,146,0,4.833,0.98,1,sample_data/subj02_timepoint02.mp4
1.41,0.95,0.0,0.27,0.85,1.17,0.2,1.53,0.76,2.72,0.94,1.35,0.19,0.04,0.02,0.0,0.24,1.0,1.0,0.0,0.0,1.0,0.0,0.0,1.0,0.0,1.0,1.0,0.0,0.0,0.0,0.0,0.0,0.0,0.0,147,0,4.867,0.98,1,sample_data/subj02_timepoint02.mp4
1.38,0.8,0.0,0.2,0.8,1.15,0.15,1.59,0.79,2.78,1.06,1.27,0.11,0.0,0.04,0.0,0.21,1.0,1.0,0.0,0.0,1.0,0.0,0.0,1.0,0.0,1.0,1.0,0.0,0.0,0.0,0.0,0.0,0.0,0.0,148,0,4.9,0.98,1,sample_data/subj02_timepoint02.mp4
1.33,0.82,0.0,0.09,0.77,1.14,0.13,1.6,0.82,2.8,1.04,1.19,0.13,0.0,0.09,0.0,0.18,1.0,0.0,0.0,0.0,1.0,0.0,0.0,1.0,0.0,1.0,1.0,0.0,0.0,0.0,0.0,0.0,0.0,0.0,149,0,4.933,0.98,1,sample_data/subj02_timepoint02.mp4
1.26,0.87,0.0,0.0,0.78,1.06,0.14,1.68,0.89,2.68,0.99,1.15,0.07,0.0,0.2,0.0,0.17,1.0,0.0,0.0,0.0,1.0,0.0,0.0,1.0,0.0,1.0,1.0,0.0,0.0,0.0,0.0,0.0,0.0,0.0,150,0,4.967,0.98,1,sample_data/subj02_timepoint02.mp4
1.36,1.1,0.0,0.04,0.8,0.85,0.18,1.74,0.9,2.52,1.02,1.2,0.09,0.0,0.24,0.0,0.15,1.0,0.0,0.0,0.0,1.0,0.0,0.0,1.0,0.0,1.0,1.0,0.0,0.0,0.0,0.0,0.0,0.0,0.0,151,0,5.0,0.98,1,sample_data/subj02_timepoint02.mp4
1.34,1.1,0.0,0.04,0.84,0.76,0.14,1.69,0.93,2.61,1.09,1.24,0.05,0.0,0.31,0.0,0.23,1.0,1.0,0.0,0.0,1.0,0.0,0.0,1.0,0.0,1.0,1.0,0.0,0.0,0.0,0.0,0.0,0.0,0.0,152,0,5.033,0.98,1,sample_data/subj02_timepoint02.mp4
1.3,1.05,0.0,0.07,0.8,0.68,0.08,1.58,0.94,2.79,1.29,1.31,0.05,0.03,0.36,0.0,0.36,1.0,1.0,0.0,0.0,1.0,0.0,0.0,1.0,0.0,1.0,1.0,0.0,0.0,0.0,0.0,0.0,0.0,0.0,153,0,5.067,0.98,1,sample_data/subj02_timepoint02.mp4
1.23,0.92,0.0,0.05,0.77,0.77,0.03,1.46,0.99,3.0,1.37,1.34,0.07,0.04,0.45,0.0,0.38,1.0,1.0,0.0,0.0,1.0,0.0,0.0,1.0,1.0,1.0,1.0,0.0,0.0,0.0,0.0,0.0,0.0,0.0,154,0,5.1,0.98,1,sample_data/subj02_timepoint02.mp4
1.32,0.89,0.0,0.22,0.76,0.96,0.02,1.44,1.04,3.07,1.3,1.4,0.06,0.05,0.45,0.0,0.47,1.0,1.0,0.0,0.0,1.0,0.0,0.0,1.0,1.0,1.0,1.0,0.0,0.0,0.0,0.0,0.0,0.0,0.0,155,0,5.132999999999999,0.98,1,sample_data/subj02_timepoint02.mp4
1.32,0.84,0.0,0.31,0.85,1.19,0.02,1.46,1.09,3.12,0.97,1.47,0.05,0.08,0.33,0.0,0.42,1.0,1.0,0.0,0.0,1.0,0.0,0.0,1.0,1.0,1.0,1.0,0.0,0.0,0.0,0.0,0.0,0.0,0.0,156,0,5.167000000000001,0.98,1,sample_data/subj02_timepoint02.mp4
1.24,0.73,0.0,0.5,0.96,1.39,0.02,1.45,1.08,2.9,0.7,1.55,0.05,0.12,0.33,0.0,0.48,1.0,1.0,0.0,0.0,1.0,0.0,0.0,1.0,1.0,1.0,1.0,1.0,0.0,0.0,0.0,0.0,0.0,0.0,157,0,5.2,0.98,1,sample_data/subj02_timepoint02.mp4
1.11,0.77,0.0,0.62,1.0,1.27,0.01,1.32,1.11,2.71,0.59,1.52,0.05,0.14,0.36,0.0,0.44,1.0,1.0,0.0,0.0,1.0,0.0,0.0,1.0,1.0,1.0,1.0,1.0,0.0,0.0,0.0,0.0,0.0,0.0,158,0,5.233,0.98,1,sample_data/subj02_timepoint02.mp4
0.9,0.61,0.0,0.52,0.98,1.16,0.01,1.29,1.03,2.5,0.72,1.5,0.08,0.16,0.4,0.0,0.58,1.0,0.0,0.0,0.0,1.0,0.0,0.0,1.0,1.0,1.0,1.0,1.0,0.0,0.0,0.0,0.0,0.0,0.0,159,0,5.267,0.98,1,sample_data/subj02_timepoint02.mp4
0.71,0.41,0.0,0.52,1.05,1.15,0.0,1.27,1.04,2.45,0.71,1.35,0.03,0.19,0.35,0.0,0.57,1.0,0.0,0.0,0.0,1.0,0.0,0.0,1.0,1.0,1.0,1.0,1.0,0.0,0.0,0.0,0.0,0.0,0.0,160,0,5.3,0.98,1,sample_data/subj02_timepoint02.mp4
0.45,0.1,0.0,0.35,1.07,1.19,0.0,1.34,1.03,2.32,0.54,1.3,0.03,0.22,0.26,0.0,0.53,0.0,0.0,0.0,0.0,1.0,0.0,0.0,1.0,1.0,1.0,1.0,1.0,0.0,0.0,0.0,0.0,0.0,0.0,161,0,5.332999999999999,0.98,1,sample_data/subj02_timepoint02.mp4
0.34,0.0,0.0,0.34,1.11,1.31,0.0,1.31,1.06,2.19,0.41,1.11,0.0,0.18,0.3,0.0,0.31,0.0,0.0,0.0,0.0,1.0,0.0,0.0,1.0,1.0,1.0,1.0,1.0,0.0,0.0,0.0,0.0,0.0,0.0,162,0,5.367000000000001,0.98,1,sample_data/subj02_timepoint02.mp4
0.21,0.0,0.0,0.13,1.05,1.53,0.0,1.23,1.03,2.03,0.32,1.01,0.0,0.13,0.28,0.0,0.34,0.0,0.0,0.0,0.0,1.0,0.0,0.0,1.0,1.0,1.0,1.0,0.0,0.0,0.0,0.0,0.0,0.0,0.0,163,0,5.4,0.98,1,sample_data/subj02_timepoint02.mp4
0.15,0.0,0.0,0.06,1.03,1.63,0.0,1.2,1.01,2.08,0.29,0.9,0.0,0.08,0.33,0.0,0.34,0.0,0.0,0.0,0.0,1.0,0.0,0.0,1.0,1.0,1.0,0.0,0.0,0.0,0.0,0.0,0.0,0.0,0.0,164,0,5.433,0.98,1,sample_data/subj02_timepoint02.mp4
0.09,0.0,0.0,0.06,1.03,1.74,0.0,1.24,0.97,2.25,0.12,0.89,0.0,0.09,0.27,0.2,0.71,0.0,0.0,0.0,0.0,1.0,0.0,0.0,1.0,1.0,1.0,0.0,0.0,0.0,0.0,0.0,0.0,0.0,0.0,165,0,5.4670000000000005,0.98,1,sample_data/subj02_timepoint02.mp4
0.22,0.0,0.0,0.06,1.02,1.73,0.0,1.25,1.0,2.39,0.19,0.81,0.08,0.04,0.22,0.28,1.15,0.0,0.0,0.0,0.0,1.0,1.0,0.0,1.0,1.0,1.0,0.0,0.0,0.0,0.0,0.0,0.0,0.0,1.0,166,0,5.5,0.98,1,sample_data/subj02_timepoint02.mp4
0.42,0.0,0.0,0.01,0.95,1.75,0.0,1.31,1.01,2.45,0.31,0.72,0.08,0.04,0.18,0.34,1.83,0.0,0.0,0.0,0.0,1.0,1.0,0.0,1.0,1.0,1.0,0.0,0.0,0.0,0.0,0.0,0.0,0.0,1.0,167,0,5.5329999999999995,0.98,1,sample_data/subj02_timepoint02.mp4
0.39,0.0,0.04,0.0,1.03,2.02,0.0,1.14,0.93,2.31,0.31,0.61,0.08,0.0,0.19,0.32,1.73,0.0,0.0,0.0,0.0,1.0,1.0,0.0,1.0,1.0,1.0,0.0,0.0,0.0,0.0,0.0,0.0,0.0,1.0,168,0,5.567,0.98,1,sample_data/subj02_timepoint02.mp4
0.25,0.0,0.04,0.0,1.08,2.25,0.0,1.07,0.85,2.28,0.27,0.64,0.08,0.0,0.13,0.45,1.5,0.0,0.0,0.0,0.0,1.0,1.0,0.0,1.0,1.0,1.0,0.0,0.0,0.0,0.0,0.0,0.0,0.0,1.0,169,0,5.6,0.98,1,sample_data/subj02_timepoint02.mp4
0.05,0.0,0.04,0.0,1.21,2.53,0.0,0.94,0.76,2.16,0.12,0.64,0.21,0.0,0.07,0.58,0.89,0.0,0.0,0.0,0.0,1.0,1.0,0.0,1.0,1.0,1.0,0.0,0.0,0.0,0.0,0.0,0.0,0.0,1.0,170,0,5.632999999999999,0.98,1,sample_data/subj02_timepoint02.mp4
0.05,0.0,0.0,0.0,1.09,2.53,0.0,0.89,0.7,2.06,0.12,0.64,0.21,0.0,0.01,0.66,0.61,0.0,0.0,0.0,0.0,1.0,1.0,0.0,1.0,1.0,1.0,0.0,0.0,0.0,0.0,0.0,0.0,0.0,1.0,171,0,5.667000000000001,0.98,1,sample_data/subj02_timepoint02.mp4
0.1,0.0,0.0,0.0,1.03,2.35,0.0,0.82,0.64,2.03,0.03,0.6,0.17,0.0,0.0,0.62,0.25,0.0,0.0,0.0,0.0,1.0,1.0,0.0,1.0,1.0,1.0,0.0,0.0,0.0,0.0,0.0,0.0,0.0,1.0,172,0,5.7,0.98,1,sample_data/subj02_timepoint02.mp4
0.07,0.0,0.0,0.0,0.97,2.22,0.0,0.67,0.53,2.04,0.02,0.59,0.05,0.0,0.0,0.71,0.07,0.0,0.0,0.0,0.0,1.0,1.0,0.0,1.0,1.0,1.0,0.0,0.0,0.0,1.0,0.0,0.0,0.0,1.0,173,0,5.733,0.98,1,sample_data/subj02_timepoint02.mp4
0.07,0.0,0.0,0.0,0.98,1.91,0.0,0.69,0.54,2.06,0.02,0.53,0.05,0.0,0.0,0.74,0.0,0.0,0.0,0.0,0.0,1.0,1.0,0.0,1.0,1.0,1.0,0.0,1.0,0.0,1.0,0.0,0.0,0.0,1.0,174,0,5.767,0.98,1,sample_data/subj02_timepoint02.mp4
0.0,0.0,0.0,0.0,0.94,1.77,0.0,0.75,0.51,1.97,0.06,0.51,0.02,0.01,0.0,0.82,0.0,0.0,0.0,0.0,0.0,1.0,1.0,0.0,1.0,1.0,1.0,0.0,1.0,0.0,1.0,0.0,0.0,0.0,0.0,175,0,5.8,0.98,1,sample_data/subj02_timepoint02.mp4
0.0,0.0,0.0,0.0,0.92,1.7,0.0,0.77,0.56,1.89,0.09,0.49,0.0,0.02,0.02,0.85,0.0,0.0,0.0,0.0,0.0,1.0,1.0,0.0,1.0,1.0,1.0,0.0,1.0,0.0,1.0,0.0,0.0,0.0,0.0,176,0,5.832999999999999,0.98,1,sample_data/subj02_timepoint02.mp4
0.0,0.0,0.0,0.0,0.94,1.65,0.0,0.73,0.56,1.87,0.15,0.54,0.02,0.12,0.02,0.91,0.0,0.0,0.0,0.0,0.0,1.0,1.0,0.0,1.0,1.0,1.0,0.0,1.0,0.0,1.0,0.0,0.0,0.0,0.0,177,0,5.867000000000001,0.98,1,sample_data/subj02_timepoint02.mp4
0.0,0.0,0.0,0.0,1.02,1.68,0.0,0.75,0.6,1.89,0.16,0.63,0.02,0.2,0.02,0.89,0.0,0.0,0.0,0.0,0.0,1.0,1.0,0.0,1.0,1.0,1.0,0.0,1.0,0.0,0.0,0.0,0.0,0.0,0.0,178,0,5.9,0.98,1,sample_data/subj02_timepoint02.mp4
0.0,0.0,0.0,0.0,1.03,1.62,0.0,0.88,0.58,1.93,0.17,0.7,0.08,0.27,0.0,0.87,0.0,0.0,0.0,0.0,0.0,1.0,1.0,0.0,1.0,1.0,1.0,0.0,1.0,0.0,0.0,0.0,0.0,0.0,0.0,179,0,5.933,0.98,1,sample_data/subj02_timepoint02.mp4
0.0,0.0,0.0,0.0,1.07,1.58,0.0,0.95,0.62,1.96,0.14,0.77,0.11,0.23,0.0,0.81,0.0,0.0,0.0,0.0,0.0,1.0,1.0,0.0,1.0,1.0,1.0,0.0,1.0,0.0,0.0,0.0,0.0,0.0,0.0,180,0,5.9670000000000005,0.98,1,sample_data/subj02_timepoint02.mp4
0.0,0.0,0.0,0.0,1.06,1.6,0.0,0.94,0.63,1.96,0.12,0.78,0.22,0.18,0.0,0.75,0.0,0.0,0.0,0.0,0.0,1.0,1.0,0.0,1.0,1.0,1.0,0.0,1.0,0.0,0.0,0.0,0.0,0.0,0.0,181,0,6.0,0.98,1,sample_data/subj02_timepoint02.mp4
0.0,0.0,0.0,0.0,1.03,1.79,0.0,0.97,0.64,1.9,0.07,0.73,0.16,0.18,0.0,0.74,0.0,0.0,0.0,0.0,0.0,1.0,1.0,0.0,1.0,1.0,1.0,0.0,1.0,0.0,0.0,0.0,0.0,0.0,0.0,182,0,6.0329999999999995,0.98,1,sample_data/subj02_timepoint02.mp4
0.0,0.0,0.0,0.0,0.98,1.83,0.0,0.91,0.58,1.83,0.03,0.61,0.11,0.11,0.0,0.55,0.0,0.0,0.0,0.0,0.0,1.0,1.0,0.0,1.0,0.0,1.0,0.0,0.0,0.0,0.0,0.0,0.0,0.0,0.0,183,0,6.067,0.98,1,sample_data/subj02_timepoint02.mp4
0.0,0.0,0.0,0.0,1.0,1.85,0.0,0.9,0.54,1.8,0.0,0.5,0.0,0.07,0.0,0.45,0.0,0.0,0.0,0.0,0.0,1.0,1.0,0.0,1.0,1.0,1.0,0.0,0.0,0.0,0.0,0.0,0.0,0.0,0.0,184,0,6.1,0.98,1,sample_data/subj02_timepoint02.mp4
0.0,0.0,0.0,0.0,1.1,1.85,0.0,0.85,0.5,1.73,0.0,0.45,0.0,0.02,0.0,0.42,0.0,0.0,0.0,0.0,0.0,1.0,1.0,0.0,1.0,1.0,1.0,0.0,0.0,0.0,0.0,0.0,0.0,0.0,0.0,185,0,6.132999999999999,0.98,1,sample_data/subj02_timepoint02.mp4
0.0,0.0,0.0,0.0,1.2,2.01,0.0,0.91,0.52,1.66,0.0,0.42,0.0,0.04,0.0,0.48,0.0,0.0,0.0,0.0,0.0,1.0,1.0,0.0,1.0,1.0,1.0,0.0,0.0,0.0,0.0,0.0,0.0,0.0,0.0,186,0,6.167000000000001,0.98,1,sample_data/subj02_timepoint02.mp4
0.0,0.0,0.0,0.0,1.26,2.1,0.0,0.87,0.52,1.58,0.0,0.39,0.02,0.05,0.0,0.43,0.0,0.0,0.0,0.0,0.0,1.0,1.0,0.0,1.0,0.0,1.0,0.0,0.0,0.0,0.0,0.0,0.0,0.0,0.0,187,0,6.2,0.98,1,sample_data/subj02_timepoint02.mp4
0.0,0.0,0.0,0.0,1.22,1.82,0.0,0.87,0.59,1.73,0.0,0.48,0.13,0.03,0.04,0.3,0.0,0.0,0.0,0.0,0.0,1.0,1.0,0.0,1.0,0.0,1.0,0.0,0.0,0.0,0.0,0.0,0.0,0.0,0.0,188,0,6.233,0.98,1,sample_data/subj02_timepoint02.mp4
0.0,0.0,0.0,0.0,1.18,1.77,0.0,0.93,0.56,1.73,0.0,0.6,0.14,0.01,0.03,0.16,0.0,0.0,0.0,0.0,0.0,1.0,1.0,0.0,1.0,0.0,1.0,0.0,0.0,0.0,0.0,0.0,0.0,0.0,0.0,189,0,6.267,0.98,1,sample_data/subj02_timepoint02.mp4
0.0,0.0,0.0,0.0,1.12,1.73,0.0,1.05,0.56,1.84,0.0,0.69,0.18,0.01,0.06,0.25,0.0,0.0,0.0,0.0,0.0,1.0,0.0,0.0,1.0,0.0,1.0,0.0,0.0,0.0,0.0,0.0,0.0,0.0,0.0,190,0,6.3,0.98,1,sample_data/subj02_timepoint02.mp4
0.0,0.0,0.0,0.0,1.16,1.78,0.03,1.14,0.47,1.72,0.0,0.63,0.06,0.02,0.12,0.21,0.0,0.0,0.0,0.0,0.0,1.0,0.0,0.0,1.0,0.0,1.0,0.0,0.0,0.0,0.0,0.0,0.0,0.0,0.0,191,0,6.332999999999999,0.98,1,sample_data/subj02_timepoint02.mp4
0.0,0.0,0.0,0.0,1.2,1.7,0.06,1.14,0.48,1.73,0.0,0.58,0.05,0.02,0.2,0.27,0.02,0.0,0.0,0.0,0.0,1.0,0.0,0.0,1.0,0.0,1.0,0.0,0.0,0.0,0.0,0.0,0.0,0.0,0.0,192,0,6.367000000000001,0.98,1,sample_data/subj02_timepoint02.mp4
0.0,0.0,0.0,0.0,1.26,1.54,0.06,1.07,0.49,1.64,0.0,0.54,0.0,0.06,0.28,0.15,0.02,0.0,0.0,0.0,0.0,1.0,0.0,0.0,1.0,0.0,1.0,0.0,0.0,0.0,0.0,0.0,0.0,0.0,0.0,193,0,6.4,0.98,1,sample_data/subj02_timepoint02.mp4
0.0,0.0,0.0,0.0,1.26,1.55,0.09,1.04,0.53,1.58,0.0,0.6,0.0,0.05,0.22,0.2,0.02,0.0,0.0,0.0,0.0,1.0,0.0,0.0,1.0,0.0,1.0,0.0,0.0,0.0,0.0,0.0,0.0,0.0,0.0,194,0,6.433,0.98,1,sample_data/subj02_timepoint02.mp4
0.0,0.0,0.0,0.0,1.23,1.58,0.18,1.04,0.57,1.48,0.0,0.69,0.0,0.0,0.12,0.33,0.0,0.0,0.0,0.0,0.0,1.0,0.0,0.0,1.0,1.0,1.0,0.0,1.0,0.0,0.0,0.0,0.0,0.0,0.0,195,0,6.4670000000000005,0.98,1,sample_data/subj02_timepoint02.mp4
